caseId,docketId,caseIssuesId,voteId,dateDecision,decisionType,usCite,sctCite,ledCite,lexisCite,term,naturalCourt,chief,docket,caseName,dateArgument,dateRearg,petitioner,petitionerState,respondent,respondentState,jurisdiction,adminAction,adminActionState,threeJudgeFdc,caseOrigin,caseOriginState,caseSource,caseSourceState,lcDisagreement,certReason,lcDisposition,lcDispositionDirection,declarationUncon,caseDisposition,caseDispositionUnusual,partyWinning,precedentAlteration,voteUnclear,decisionDirection,decisionDirectionDissent,authorityDecision1,authorityDecision2,lawType,lawSupp,lawMinor,majOpinWriter,majOpinAssigner,splitVote,majVotes,minVotes
1946-050,1946-050-01,1946-050-01-03,1946-050-01-03-01,2/10/47,1,330 U.S. 75,67 S. Ct. 556,91 L. Ed. 754,1947 U.S. LEXIS 2960,1946,1301,Vinson,20,UNITED PUBLIC WORKERS OF AMERICA (C. I. O.) ET AL. v. MITCHELL ET AL.,12/3/45,10/17/46,8,60,320,,2,20,,1,55,10,55,10,0,1,,1,1,2,0,0,0,0,1,0,1,,2,201,,79,74,1,4,3
1946-050,1946-050-01,1946-050-01-05,1946-050-01-05-01,2/10/47,1,330 U.S. 75,67 S. Ct. 556,91 L. Ed. 754,1947 U.S. LEXIS 2960,1946,1301,Vinson,20,UNITED PUBLIC WORKERS OF AMERICA (C. I. O.) ET AL. v. MITCHELL ET AL.,12/3/45,10/17/46,8,60,320,,2,20,,1,55,10,55,10,0,1,,1,1,2,0,0,0,0,1,0,1,,2,223,,79,74,1,4,3
1946-050,1946-050-01,1946-050-01-06,1946-050-01-06-01,2/10/47,1,330 U.S. 75,67 S. Ct. 556,91 L. Ed. 754,1947 U.S. LEXIS 2960,1946,1301,Vinson,20,UNITED PUBLIC WORKERS OF AMERICA (C. I. O.) ET AL. v. MITCHELL ET AL.,12/3/45,10/17/46,8,60,320,,2,20,,1,55,10,55,10,0,1,,1,1,2,0,0,0,0,1,0,1,,2,222,,79,74,1,4,3
1946-050,1946-050-01,1946-050-01-07,1946-050-01-07-01,2/10/47,1,330 U.S. 75,67 S. Ct. 556,91 L. Ed. 754,1947 U.S. LEXIS 2960,1946,1301,Vinson,20,UNITED PUBLIC WORKERS OF AMERICA (C. I. O.) ET AL. v. MITCHELL ET AL.,12/3/45,10/17/46,8,60,320,,2,20,,1,55,10,55,10,0,1,,1,1,2,0,0,0,0,1,0,1,,6,600,18 U.S.C. § 9,79,74,1,4,3
1946-051,1946-051-01,1946-051-01-01,1946-051-01-01-01,2/10/47,1,330 U.S. 127,67 S. Ct. 544,91 L. Ed. 794,1947 U.S. LEXIS 2860,1946,1301,Vinson,84,OKLAHOMA v. UNITED STATES CIVIL SERVICE COMMISSION,10/17/46,,28,42,320,,1,20,,0,106,42,30,,0,10,2,1,1,2,0,0,0,0,1,0,1,,6,600,18 U.S.C. § 12,79,87,1,5,2
1946-051,1946-051-01,1946-051-01-02,1946-051-01-02-01,2/10/47,1,330 U.S. 127,67 S. Ct. 544,91 L. Ed. 794,1947 U.S. LEXIS 2860,1946,1301,Vinson,84,OKLAHOMA v. UNITED STATES CIVIL SERVICE COMMISSION,10/17/46,,28,42,320,,1,20,,0,106,42,30,,0,10,2,1,1,2,0,0,0,0,1,0,1,,2,223,,79,87,1,5,2
1946-051,1946-051-01,1946-051-01-03,1946-051-01-03-01,2/10/47,1,330 U.S. 127,67 S. Ct. 544,91 L. Ed. 794,1947 U.S. LEXIS 2860,1946,1301,Vinson,84,OKLAHOMA v. UNITED STATES CIVIL SERVICE COMMISSION,10/17/46,,28,42,320,,1,20,,0,106,42,30,,0,10,2,1,1,2,0,0,0,0,1,0,1,,2,200,,79,87,1,5,2
1946-102,1946-102-01,1946-102-01-01,1946-102-01-01-01,5/19/47,1,331 U.S. 367,67 S. Ct. 1249,91 L. Ed. 1546,1947 U.S. LEXIS 2266,1946,1301,Vinson,241,"CRAIG ET AL. v. HARNEY, SHERIFF",1/9/47,,220,,28,51,1,,,0,302,51,300,51,1,10,9,1,1,3,0,1,0,0,2,0,2,,2,200,,81,78,1,6,3
1946-125,1946-125-01,1946-125-01-01,1946-125-01-01-01,6/23/47,1,332 U.S. 1,67 S. Ct. 1538,91 L. Ed. 1877,1947 U.S. LEXIS 2923,1946,1301,Vinson,954,UNITED STATES v. PETRILLO,5/5/47,,27,,100,,2,,,0,66,17,66,17,0,1,,2,1,4,0,1,0,0,1,0,1,,2,200,,78,87,1,5,3
1947-059,1947-059-01,1947-059-01-01,1947-059-01-01-01,3/29/48,1,333 U.S. 507,68 S. Ct. 665,92 L. Ed. 2d 840,1948 U.S. LEXIS 2371,1947,1301,Vinson,3,WINTERS v. NEW YORK,3/27/46,11/10/47,117,,28,37,2,,,0,302,37,300,37,0,1,2,1,3,3,0,1,0,0,2,0,2,,2,200,,79,78,1,6,3
1947-098,1947-098-01,1947-098-01-01,1947-098-01-01-01,6/7/48,1,334 U.S. 558,68 S. Ct. 1148,92 L. Ed. 2d 1574,1948 U.S. LEXIS 2086,1947,1301,Vinson,504,SAIA v. NEW YORK,3/30/48,,130,,28,37,2,,,0,302,37,300,37,0,1,2,1,4,3,0,1,0,0,2,0,2,,2,200,,81,87,1,5,4
1948-056,1948-056-01,1948-056-01-01,1948-056-01-01-01,4/4/49,1,336 U.S. 490,69 S. Ct. 684,93 L. Ed. 2d 834,1949 U.S. LEXIS 3003,1948,1301,Vinson,182,GIBONEY ET AL. v. EMPIRE STORAGE & ICE CO.,1/4/49,,249,,252,,2,,,0,302,30,300,30,0,1,2,2,1,2,0,0,0,0,1,0,2,,2,200,,78,87,1,9,0
1948-074,1948-074-01,1948-074-01-01,1948-074-01-01-01,5/16/49,1,337 U.S. 1,69 S. Ct. 894,93 L. Ed. 2d 1131,1949 U.S. LEXIS 2400,1948,1301,Vinson,272,TERMINIELLO v. CHICAGO,2/1/49,,218,,3,17,1,,,0,302,17,300,17,0,10,2,1,4,3,0,1,0,0,2,0,2,,2,200,,81,87,1,5,4
1949-017,1949-017-01,1949-017-01-01,1949-017-01-01-01,12/5/49,1,338 U.S. 345,70 S. Ct. 172,94 L. Ed. 2d 155,1949 U.S. LEXIS 3028,1949,1303,Vinson,62,COLE ET AL. v. ARKANSAS,11/9/49,,145,,28,5,1,,,0,302,5,300,5,0,13,2,1,1,2,0,0,0,0,1,0,2,,2,200,,84,87,1,8,0
1949-073,1949-073-01,1949-073-01-01,1949-073-01-01-01,5/8/50,7,339 U.S. 470,70 S. Ct. 773,94 L. Ed. 2d 995,1950 U.S. LEXIS 2532,1949,1303,Vinson,309,"INTERNATIONAL BROTHERHOOD OF TEAMSTERS, ETC. UNION, LOCAL 309, ET AL. v. HANKE ET AL., DOING BUSINESS AS ATLAS AUTO REBUILD",2/9/50,,249,,125,,1,,,0,302,56,300,56,0,11,2,1,1,2,0,0,0,0,1,0,2,,2,200,,80,87,1,5,3
1949-073,1949-073-02,1949-073-02-01,1949-073-02-01-01,5/8/50,7,339 U.S. 470,70 S. Ct. 773,94 L. Ed. 2d 995,1950 U.S. LEXIS 2532,1949,1303,Vinson,364,"INTERNATIONAL BROTHERHOOD OF TEAMSTERS, ETC. UNION, LOCAL 309, ET AL. v. HANKE ET AL., DOING BUSINESS AS ATLAS AUTO REBUILD",2/9/50,,249,,125,,1,,,0,302,56,300,56,0,11,2,1,1,2,0,0,0,0,1,0,2,,2,200,,80,87,1,5,3
1949-076,1949-076-01,1949-076-01-01,1949-076-01-01-01,5/8/50,1,339 U.S. 532,70 S. Ct. 784,94 L. Ed. 2d 1045,1950 U.S. LEXIS 2534,1949,1303,Vinson,449,"BUILDING SERVICE EMPLOYEES INTERNATIONAL UNION, LOCAL 262, ET AL. v. GAZZAM",2/9/50,,249,,151,,1,,,0,302,56,300,56,1,12,2,1,1,2,0,0,0,0,1,0,2,,2,200,,89,87,1,8,0
1950-026,1950-026-01,1950-026-01-01,1950-026-01-01-01,1/15/51,1,340 U.S. 315,71 S. Ct. 303,95 L. Ed. 2d 295,1951 U.S. LEXIS 2249,1950,1303,Vinson,93,FEINER v. NEW YORK,10/17/50,,223,,28,37,1,,,0,302,37,300,37,0,12,2,1,1,2,0,0,0,0,1,0,2,,2,200,,87,87,1,6,3
1950-092,1950-092-01,1950-092-01-03,1950-092-01-03-01,6/4/51,1,341 U.S. 622,71 S. Ct. 920,95 L. Ed. 2d 1233,1951 U.S. LEXIS 1729,1950,1303,Vinson,399,BREARD v. ALEXANDRIA,3/7/51,,233,,3,22,2,,,0,302,22,300,22,0,1,2,1,1,2,0,0,0,0,1,0,2,,2,200,,79,79,1,6,3
1951-084,1951-084-01,1951-084-01-01,1951-084-01-01-01,5/26/52,1,343 U.S. 495,72 S. Ct. 777,96 L. Ed. 2d 1098,1952 U.S. LEXIS 2796,1951,1303,Vinson,522,"JOSEPH BURSTYN, INC. v. WILSON, COMMISSIONER OF EDUCATION OF NEW YORK, et al.",4/24/52,,156,,19,37,2,117,37,0,301,37,300,37,1,1,2,1,3,3,0,1,1,0,2,0,2,,2,200,,88,87,1,9,0
1953-080,1953-080-01,1953-080-01-01,1953-080-01-01-01,6/7/54,1,347 U.S. 612,74 S. Ct. 808,98 L. Ed. 2d 989,1954 U.S. LEXIS 2657,1953,1401,Warren,32,UNITED STATES v. HARRISS et al.,10/19/53,,27,,102,,2,,,0,55,,55,,0,1,,2,1,3,0,1,0,0,1,0,1,,6,600,2 U.S.C. § 261,90,90,1,5,3
1953-080,1953-080-01,1953-080-01-02,1953-080-01-02-01,6/7/54,1,347 U.S. 612,74 S. Ct. 808,98 L. Ed. 2d 989,1954 U.S. LEXIS 2657,1953,1401,Warren,32,UNITED STATES v. HARRISS et al.,10/19/53,,27,,102,,2,,,0,55,,55,,0,1,,2,1,3,0,1,0,0,1,0,1,,2,204,,90,90,1,5,3
1953-080,1953-080-01,1953-080-01-03,1953-080-01-03-01,6/7/54,1,347 U.S. 612,74 S. Ct. 808,98 L. Ed. 2d 989,1954 U.S. LEXIS 2657,1953,1401,Warren,32,UNITED STATES v. HARRISS et al.,10/19/53,,27,,102,,2,,,0,55,,55,,0,1,,2,1,3,0,1,0,0,1,0,1,,2,200,,90,90,1,5,3
1956-112,1956-112-01,1956-112-01-01,1956-112-01-01-01,6/17/57,1,354 U.S. 284,77 S. Ct. 1166,1 L. Ed. 2d 1347,1957 U.S. LEXIS 1617,1956,1405,Warren,79,"INTERNATIONAL BROTHERHOOD OF TEAMSTERS, LOCAL 695, A. F. L., et al. v. VOGT, INC.",2/26/57,,249,,151,,1,,,0,302,58,300,58,0,13,2,1,1,2,0,0,0,0,1,0,2,,2,200,,80,80,1,5,3
1957-034,1957-034-01,1957-034-01-01,1957-034-01-01-01,1/13/58,1,355 U.S. 313,78 S. Ct. 277,2 L. Ed. 2d 302,1958 U.S. LEXIS 1830,1957,1405,Warren,48,STAUB v. CITY OF BAXLEY,11/18/57,,249,,3,13,2,,,0,302,13,301,13,0,1,2,1,4,3,0,1,0,0,2,0,2,,2,200,,93,90,1,7,2
1957-146,1957-146-01,1957-146-01-01,1957-146-01-01-01,6/30/58,1,357 U.S. 449,78 S. Ct. 1163,2 L. Ed. 2d 1488,1958 U.S. LEXIS 1802,1957,1405,Warren,91,"NATIONAL ASSOCIATION FOR THE ADVANCEMENT OF COLORED PEOPLE v. ALABAMA ex rel. PATTERSON, ATTORNEY GENERAL",1/15/58,,223,,19,1,1,,,0,302,1,300,1,0,10,9,1,1,4,0,1,0,0,2,0,2,,2,201,,91,90,1,9,0
1958-133,1958-133-01,1958-133-01-01,1958-133-01-01-01,6/29/59,7,360 U.S. 622,79 S. Ct. 1376,3 L. Ed. 2d 1473,1959 U.S. LEXIS 1744,1958,1406,Warren,326,In re SAWYER,5/19/59,,111,,20,15,1,,,0,300,15,29,,1,11,2,1,1,3,0,1,0,0,2,0,2,,2,200,,92,90,1,5,4
1959-037,1959-037-01,1959-037-01-01,1959-037-01-01-01,2/23/60,1,361 U.S. 516,80 S. Ct. 412,4 L. Ed. 2d 480,1960 U.S. LEXIS 1601,1959,1406,Warren,41,BATES et al. v. CITY OF LITTLE ROCK et al.,11/18/59,,223,,3,5,1,,,0,302,5,300,5,1,10,2,1,4,3,0,1,0,0,2,0,2,,2,201,,94,90,1,9,0
1959-043,1959-043-01,1959-043-01-01,1959-043-01-01-01,3/7/60,1,362 U.S. 60,80 S. Ct. 536,4 L. Ed. 2d 559,1960 U.S. LEXIS 1948,1959,1406,Warren,154,TALLEY v. CALIFORNIA,1/13/60,,223,,28,6,1,,,0,302,6,301,6,0,11,2,1,4,4,0,1,0,0,2,0,2,,2,200,,78,90,1,6,3
1960-019,1960-019-01,1960-019-01-01,1960-019-01-01-01,12/12/60,1,364 U.S. 479,81 S. Ct. 247,5 L. Ed. 2d 231,1960 U.S. LEXIS 25,1960,1406,Warren,14,SHELTON et al. v. TUCKER et al.,11/7/60,,10,5,19,5,2,,,1,46,,46,,0,1,,1,3,3,0,1,0,0,2,0,2,,2,201,,94,90,1,5,4
1960-019,1960-019-02,1960-019-02-01,1960-019-02-01-01,12/12/60,1,364 U.S. 479,81 S. Ct. 247,5 L. Ed. 2d 231,1960 U.S. LEXIS 25,1960,1406,Warren,83,CARR et al. v. YOUNG et al.,11/7/60,,8,5,19,5,1,,,0,302,5,300,5,0,1,2,1,3,3,0,1,0,0,2,0,2,,2,201,,94,90,1,5,4
1960-033,1960-033-01,1960-033-01-01,1960-033-01-01-01,1/23/61,1,365 U.S. 43,81 S. Ct. 391,5 L. Ed. 2d 403,1961 U.S. LEXIS 2042,1960,1406,Warren,34,TIMES FILM CORP. v. CITY OF CHICAGO et al.,10/19/60,,156,,3,17,1,,,0,66,,27,,0,13,2,1,1,2,0,0,0,0,1,0,2,,2,200,,88,80,1,5,4
1960-094,1960-094-01,1960-094-01-01,1960-094-01-01-01,5/22/61,1,366 U.S. 293,81 S. Ct. 1333,6 L. Ed. 2d 301,1961 U.S. LEXIS 2012,1960,1406,Warren,294,"LOUISIANA ex rel. GREMILLION, ATTORNEY GENERAL, et al. v. NATIONAL ASSOCIATION FOR THE ADVANCEMENT OF COLORED PEOPLE et al.",4/26/61,,19,22,223,,2,,,1,75,,75,,0,1,,2,3,2,0,0,0,0,2,0,3,2,2,201,,81,90,1,9,0
1960-137,1960-137-01,1960-137-01-01,1960-137-01-01-01,6/19/61,7,367 U.S. 820,81 S. Ct. 1826,6 L. Ed. 2d 1191,1961 U.S. LEXIS 1998,1960,1406,Warren,200,LATHROP v. DONOHUE,1/18/61,,111,,216,,2,,,0,302,58,300,58,0,1,2,1,1,2,0,0,0,0,1,0,4,,6,600,28 U.S.C. § 1257,92,90,1,7,2
1960-137,1960-137-01,1960-137-01-02,1960-137-01-02-01,6/19/61,7,367 U.S. 820,81 S. Ct. 1826,6 L. Ed. 2d 1191,1961 U.S. LEXIS 1998,1960,1406,Warren,200,LATHROP v. DONOHUE,1/18/61,,111,,216,,2,,,0,302,58,300,58,0,1,2,1,1,2,0,0,0,0,1,0,2,,2,200,,92,90,1,7,2
1961-103,1961-103-01,1961-103-01-01,1961-103-01-01-01,6/25/62,1,370 U.S. 375,82 S. Ct. 1364,8 L. Ed. 2d 569,1962 U.S. LEXIS 846,1961,1407,Warren,369,WOOD v. GEORGIA,3/29/62,,211,,28,13,1,,,0,302,13,301,13,0,11,6,1,1,3,0,1,0,0,2,0,2,,2,200,,90,90,1,5,2
1962-032,1962-032-01,1962-032-01-01,1962-032-01-01-01,1/14/63,1,371 U.S. 415,83 S. Ct. 328,9 L. Ed. 2d 405,1963 U.S. LEXIS 2398,1962,1408,Warren,5,"NATIONAL ASSOCIATION FOR THE ADVANCEMENT OF COLORED PEOPLE v. BUTTON, ATTORNEY GENERAL OF VIRGINIA, et al.",11/8/61,10/9/62,223,,19,55,1,,,0,302,55,300,55,0,12,2,1,3,3,0,1,0,0,2,0,2,,2,200,,92,90,1,6,3
1962-032,1962-032-01,1962-032-01-03,1962-032-01-03-01,1/14/63,1,371 U.S. 415,83 S. Ct. 328,9 L. Ed. 2d 405,1963 U.S. LEXIS 2398,1962,1408,Warren,5,"NATIONAL ASSOCIATION FOR THE ADVANCEMENT OF COLORED PEOPLE v. BUTTON, ATTORNEY GENERAL OF VIRGINIA, et al.",11/8/61,10/9/62,223,,19,55,1,,,0,302,55,300,55,0,12,2,1,3,3,0,1,0,0,2,0,2,,2,201,,92,90,1,6,3
1962-066,1962-066-01,1962-066-01-01,1962-066-01-01-01,3/25/63,1,372 U.S. 539,83 S. Ct. 889,9 L. Ed. 2d 929,1963 U.S. LEXIS 2503,1962,1408,Warren,6,GIBSON v. FLORIDA LEGISLATIVE INVESTIGATION COMMITTEE,12/5/62,,223,,17,12,1,,,0,302,12,300,12,0,12,2,1,1,3,0,1,0,0,2,0,2,,2,201,,96,90,1,5,4
1963-100,1963-100-01,1963-100-01-01,1963-100-01-01-01,4/20/64,1,377 U.S. 1,84 S. Ct. 1113,12 L. Ed. 2d 89,1964 U.S. LEXIS 2241,1963,1408,Warren,34,BROTHERHOOD OF RAILROAD TRAINMEN v. VIRGINIA ex rel. VIRGINIA STATE BAR,1/13/64,,249,,216,,1,,,0,302,55,300,55,0,11,2,1,1,5,0,1,0,0,2,0,2,,2,201,,78,90,1,6,2
1963-124,1963-124-01,1963-124-01-01,1963-124-01-01-01,6/1/64,1,377 U.S. 288,84 S. Ct. 1302,12 L. Ed. 2d 325,1964 U.S. LEXIS 1138,1963,1408,Warren,169,"NATIONAL ASSOCIATION FOR THE ADVANCEMENT OF COLORED PEOPLE v. ALABAMA ex rel. FLOWERS, ATTORNEY GENERAL",3/24/64,,223,,19,1,1,,,0,302,1,300,1,0,12,2,1,1,4,0,1,0,0,2,0,3,2,2,201,,91,90,1,9,0
1964-046,1964-046-01,1964-046-01-01,1964-046-01-01-01,3/1/65,1,380 U.S. 51,85 S. Ct. 734,13 L. Ed. 2d 649,1965 U.S. LEXIS 1732,1964,1408,Warren,69,FREEDMAN v. MARYLAND,11/19/64,,242,,28,25,2,,,0,302,25,300,25,0,1,2,1,3,3,0,1,0,0,2,0,2,,2,200,,92,90,1,9,0
1964-077,1964-077-01,1964-077-01-01,1964-077-01-01-01,4/26/65,1,380 U.S. 479,85 S. Ct. 1116,14 L. Ed. 2d 22,1965 U.S. LEXIS 1351,1964,1408,Warren,52,"DOMBROWSKI et al. v. PFISTER, CHAIRMAN, JOINT LEGISLATIVE COMMITTEE ON UNAMERICAN ACTIVITIES OF THE LOUISIANA LEGISLATURE, et al.",1/25/65,,223,,19,22,2,,,1,75,,75,,0,1,9,1,3,4,0,1,0,0,2,0,2,,2,201,,92,90,1,5,2
1964-077,1964-077-01,1964-077-01-02,1964-077-01-02-01,4/26/65,1,380 U.S. 479,85 S. Ct. 1116,14 L. Ed. 2d 22,1965 U.S. LEXIS 1351,1964,1408,Warren,52,"DOMBROWSKI et al. v. PFISTER, CHAIRMAN, JOINT LEGISLATIVE COMMITTEE ON UNAMERICAN ACTIVITIES OF THE LOUISIANA LEGISLATURE, et al.",1/25/65,,223,,19,22,2,,,1,75,,75,,0,1,9,1,3,4,0,1,0,0,2,0,2,,2,200,,92,90,1,5,2
1964-111,1964-111-01,1964-111-01-01,1964-111-01-01-01,5/24/65,1,381 U.S. 301,85 S. Ct. 1493,14 L. Ed. 2d 398,1965 U.S. LEXIS 2286,1964,1408,Warren,491,"LAMONT, DBA BASIC PAMPHLETS v. POSTMASTER GENERAL",4/26/65,,211,,412,,2,112,,1,96,,96,,1,1,,1,2,3,0,1,0,0,2,0,1,,6,600,39 U.S.C. § 4008,81,90,1,8,0
1964-111,1964-111-02,1964-111-02-01,1964-111-02-01-01,5/24/65,1,381 U.S. 301,85 S. Ct. 1493,14 L. Ed. 2d 398,1965 U.S. LEXIS 2286,1964,1408,Warren,848,"FIXA, POSTMASTER, SAN FRANCISCO, et al. v. HEILBERG",4/26/65,,412,,211,,2,112,,1,50,,50,,0,1,,2,2,2,0,0,0,0,2,0,1,,6,600,39 U.S.C. § 4008,81,90,1,8,0
1964-111,1964-111-02,1964-111-02-02,1964-111-02-02-01,5/24/65,1,381 U.S. 301,85 S. Ct. 1493,14 L. Ed. 2d 398,1965 U.S. LEXIS 2286,1964,1408,Warren,848,"FIXA, POSTMASTER, SAN FRANCISCO, et al. v. HEILBERG",4/26/65,,412,,211,,2,112,,1,50,,50,,0,1,,2,2,2,0,0,0,0,2,0,1,,2,200,,81,90,1,8,0
1964-111,1964-111-02,1964-111-02-03,1964-111-02-03-01,5/24/65,1,381 U.S. 301,85 S. Ct. 1493,14 L. Ed. 2d 398,1965 U.S. LEXIS 2286,1964,1408,Warren,848,"FIXA, POSTMASTER, SAN FRANCISCO, et al. v. HEILBERG",4/26/65,,412,,211,,2,112,,1,50,,50,,0,1,,2,2,2,0,0,0,0,2,0,1,,2,200,,81,90,1,8,0
1964-134,1964-134-01,1964-134-01-01,1964-134-01-01-01,6/7/65,2,381 U.S. 741,85 S. Ct. 1751,14 L. Ed. 2d 715,1965 U.S. LEXIS 975,1964,1408,Warren,587 M,"CAMERON et al. v. JOHNSON, GOVERNOR OF MISSISSIPPI, et al.",,,223,,19,29,2,,,0,85,,85,,0,1,,1,1,5,0,1,0,0,2,0,3,,,,,,90,1,5,4
1965-105,1965-105-01,1965-105-01-01,1965-105-01-01-01,5/23/66,1,384 U.S. 214,86 S. Ct. 1434,16 L. Ed. 2d 484,1966 U.S. LEXIS 1580,1965,1409,Warren,597,MILLS v. ALABAMA,4/19/66,,226,,28,1,2,,,0,302,1,300,1,0,1,4,1,3,4,0,1,0,0,2,0,2,,,,,78,90,1,9,0
1966-012,1966-012-01,1966-012-01-01,1966-012-01-01-01,12/5/66,1,385 U.S. 116,87 S. Ct. 339,17 L. Ed. 2d 235,1966 U.S. LEXIS 75,1966,1409,Warren,87,BOND et al. v. FLOYD et al.,11/10/66,,211,,17,13,2,,,1,60,,60,,1,1,,1,1,3,0,1,0,0,2,0,2,,2,200,,90,90,1,9,0
1967-030,1967-030-01,1967-030-01-01,1967-030-01-01-01,12/5/67,1,389 U.S. 217,88 S. Ct. 353,19 L. Ed. 2d 426,1967 U.S. LEXIS 132,1967,1410,Warren,33,"UNITED MINE WORKERS OF AMERICA, DISTRICT 12 v. ILLINOIS STATE BAR ASSOCIATION et al.",10/17/67,,249,,216,,1,,,0,302,17,300,17,0,13,2,1,1,5,0,1,0,0,2,0,2,,2,200,,78,90,1,8,1
1967-030,1967-030-01,1967-030-01-02,1967-030-01-02-01,12/5/67,1,389 U.S. 217,88 S. Ct. 353,19 L. Ed. 2d 426,1967 U.S. LEXIS 132,1967,1410,Warren,33,"UNITED MINE WORKERS OF AMERICA, DISTRICT 12 v. ILLINOIS STATE BAR ASSOCIATION et al.",10/17/67,,249,,216,,1,,,0,302,17,300,17,0,13,2,1,1,5,0,1,0,0,2,0,2,,2,201,,78,90,1,8,1
1967-030,1967-030-01,1967-030-01-03,1967-030-01-03-01,12/5/67,1,389 U.S. 217,88 S. Ct. 353,19 L. Ed. 2d 426,1967 U.S. LEXIS 132,1967,1410,Warren,33,"UNITED MINE WORKERS OF AMERICA, DISTRICT 12 v. ILLINOIS STATE BAR ASSOCIATION et al.",10/17/67,,249,,216,,1,,,0,302,17,300,17,0,13,2,1,1,5,0,1,0,0,2,0,2,,2,204,,78,90,1,8,1
1967-067,1967-067-01,1967-067-01-01,1967-067-01-01-01,1/29/68,2,390 U.S. 139,88 S. Ct. 754,19 L. Ed. 2d 966,1968 U.S. LEXIS 2549,1967,1410,Warren,787,"TEITEL FILM CORP. et al. v. CUSACK et al., MEMBERS OF THE MOTION PICTURE APPEAL BOARD OF THE CITY OF CHICAGO",,,156,,19,17,2,117,17,0,302,17,300,17,0,1,2,1,4,4,0,1,0,0,2,0,7,,2,200,,,90,1,9,0
1967-129,1967-129-01,1967-129-01-01,1967-129-01-01-01,5/20/68,1,391 U.S. 308,88 S. Ct. 1601,20 L. Ed. 2d 603,1968 U.S. LEXIS 2996,1967,1410,Warren,478,"AMALGAMATED FOOD EMPLOYEES UNION LOCAL 590 et al. v. LOGAN VALLEY PLAZA, INC., et al.",3/14/68,,249,,235,,1,,,0,302,45,300,45,1,11,2,1,1,4,0,1,0,0,2,0,2,,2,200,,98,90,1,6,3
1968-017,1968-017-01,1968-017-01-01,1968-017-01-01-01,11/19/68,1,393 U.S. 175,89 S. Ct. 347,21 L. Ed. 2d 325,1968 U.S. LEXIS 2948,1968,1410,Warren,6,CARROLL et al. v. PRESIDENT AND COMMISSIONERS OF PRINCESS ANNE et al.,10/21/68,,218,,19,25,1,,,0,302,25,300,25,0,12,6,1,1,3,0,1,0,0,2,0,2,,2,200,,97,90,1,9,0
1968-084,1968-084-01,1968-084-01-01,1968-084-01-01-01,4/21/69,2,394 U.S. 705,89 S. Ct. 1399,22 L. Ed. 2d 664,1969 U.S. LEXIS 1871,1968,1410,Warren,1107 M,WATTS v. UNITED STATES,,,218,,27,,1,,,0,55,,32,,1,12,2,1,1,4,0,1,0,0,2,0,4,,6,600,18 U.S.C. § 871,,90,1,5,4
1968-121,1968-121-01,1968-121-01-01,1968-121-01-01-01,6/9/69,1,395 U.S. 367,89 S. Ct. 1794,23 L. Ed. 2d 371,1969 U.S. LEXIS 3267,1968,1411,Warren,2,"RED LION BROADCASTING CO., INC., et al. v. FEDERAL COMMUNICATIONS COMMISSION et al.",4/2/69,,221,,338,,1,38,,0,32,,32,,0,12,2,2,1,2,0,0,0,0,2,0,5,1,2,200,,95,90,1,7,0
1968-121,1968-121-02,1968-121-02-01,1968-121-02-01-01,6/9/69,1,395 U.S. 367,89 S. Ct. 1794,23 L. Ed. 2d 371,1969 U.S. LEXIS 3267,1968,1411,Warren,717,UNITED STATES et al. v. RADIO TELEVISION NEWS DIRECTORS ASSN. et al.,4/2/69,,27,,191,,1,38,,0,27,,27,,0,12,3,1,1,4,0,1,0,0,2,0,5,1,2,200,,95,90,1,7,0
1968-124,1968-124-01,1968-124-01-01,1968-124-01-01-01,6/9/69,6,395 U.S. 444,89 S. Ct. 1827,23 L. Ed. 2d 430,1969 U.S. LEXIS 1367,1968,1411,Warren,492,BRANDENBURG v. OHIO,2/27/69,,218,,28,41,2,,,0,302,41,300,41,0,1,9,1,3,3,0,1,1,0,2,0,2,,2,200,,,90,1,8,0
1970-099,1970-099-01,1970-099-01-01,1970-099-01-01-01,5/17/71,1,402 U.S. 415,91 S. Ct. 1575,29 L. Ed. 2d 1,1971 U.S. LEXIS 44,1970,1502,Burger,135,ORGANIZATION FOR A BETTER AUSTIN et al. v. KEEFE,1/20/71,,222,,225,,1,,,0,302,17,301,17,0,11,2,1,1,3,0,1,0,0,2,0,2,,2,200,,99,99,1,8,1
1970-145,1970-145-01,1970-145-01-01,1970-145-01-01-01,6/30/71,6,403 U.S. 713,91 S. Ct. 2140,29 L. Ed. 2d 822,1971 U.S. LEXIS 100,1970,1502,Burger,1873,NEW YORK TIMES CO. v. UNITED STATES,6/26/71,,190,,27,,1,,,0,96,,22,,1,12,11,1,1,4,0,1,0,0,2,0,1,,2,200,,,78,1,6,3
1970-145,1970-145-02,1970-145-02-01,1970-145-02-01-01,6/30/71,6,403 U.S. 713,91 S. Ct. 2140,29 L. Ed. 2d 822,1971 U.S. LEXIS 100,1970,1502,Burger,1885,UNITED STATES v. WASHINGTON POST CO. et al.,6/26/71,,27,,190,,1,,,0,55,,32,,1,12,2,2,1,2,0,0,0,0,2,0,1,,2,200,,,78,1,6,3
1971-141,1971-141-01,1971-141-01-01,1971-141-01-01-01,6/12/72,2,407 U.S. 197,92 S. Ct. 1842,32 L. Ed. 2d 653,1972 U.S. LEXIS 46,1971,1504,Burger,71-1180,FLOWER v. UNITED STATES,,,218,,27,,1,6,,0,122,,25,,1,12,2,1,1,4,0,1,0,0,2,0,1,,2,200,,,81,1,6,3
1971-158,1971-158-01,1971-158-01-01,1971-158-01-01-01,6/22/72,1,407 U.S. 551,92 S. Ct. 2219,33 L. Ed. 2d 131,1972 U.S. LEXIS 137,1971,1504,Burger,71-492,"LLOYD CORP., LTD. v. TANNER et al.",4/18/72,,235,,218,,1,,,0,108,,29,,0,11,2,2,1,4,0,1,0,0,1,0,2,,2,200,,101,99,1,5,4
1971-159,1971-159-01,1971-159-01-01,1971-159-01-01-01,6/26/72,1,408 U.S. 1,92 S. Ct. 2318,33 L. Ed. 2d 154,1972 U.S. LEXIS 25,1971,1504,Burger,71-288,"LAIRD, SECRETARY OF DEFENSE, et al. v. TATUM et al.",3/27/72,,324,,218,,1,6,,0,55,,32,,1,11,4,2,1,3,0,1,0,0,1,0,3,,,,,99,99,1,5,4
1971-165,1971-165-01,1971-165-01-01,1971-165-01-01-01,6/26/72,1,408 U.S. 169,92 S. Ct. 2338,33 L. Ed. 2d 266,1972 U.S. LEXIS 160,1971,1504,Burger,71-452,HEALY et al. v. JAMES et al.,3/28/72,,239,,26,8,1,117,8,0,53,,22,,1,12,2,1,1,4,0,1,0,0,2,0,2,,2,201,,101,99,1,9,0
1971-175,1971-175-01,1971-175-01-01,1971-175-01-01-01,6/29/72,1,408 U.S. 606,92 S. Ct. 2614,33 L. Ed. 2d 583,1972 U.S. LEXIS 21,1971,1504,Burger,71-1017,GRAVEL v. UNITED STATES,4/19/72,,23,,27,,1,,,0,80,,21,,0,12,2,2,1,5,0,1,0,0,1,0,1,,1,106,,95,99,1,5,4
1971-175,1971-175-02,1971-175-02-01,1971-175-02-01-01,6/29/72,1,408 U.S. 606,92 S. Ct. 2614,33 L. Ed. 2d 583,1972 U.S. LEXIS 21,1971,1504,Burger,71-1026,UNITED STATES v. GRAVEL,4/19/72,,27,,23,,1,,,0,80,,21,,0,12,2,1,1,5,0,1,0,0,1,0,1,,1,106,,95,99,1,5,4
1971-176,1971-176-01,1971-176-01-01,1971-176-01-01-01,6/29/72,1,408 U.S. 665,92 S. Ct. 2646,33 L. Ed. 2d 626,1972 U.S. LEXIS 132,1971,1504,Burger,70-85,"BRANZBURG v. HAYES et al., JUDGES",2/23/72,,226,,28,21,1,,,0,302,21,300,21,0,12,9,1,1,2,0,0,0,0,1,0,2,,2,200,,95,99,1,5,4
1971-176,1971-176-02,1971-176-02-01,1971-176-02-01-01,6/29/72,1,408 U.S. 665,92 S. Ct. 2646,33 L. Ed. 2d 626,1972 U.S. LEXIS 132,1971,1504,Burger,70-94,In re PAPPAS,2/23/72,,226,,28,26,1,,,0,302,26,300,26,0,12,2,1,1,2,0,0,0,0,1,0,2,,2,200,,95,99,1,5,4
1971-176,1971-176-03,1971-176-03-01,1971-176-03-01-01,6/29/72,1,408 U.S. 665,92 S. Ct. 2646,33 L. Ed. 2d 626,1972 U.S. LEXIS 132,1971,1504,Burger,70-57,UNITED STATES v. CALDWELL,2/23/72,,27,,226,,1,,,0,50,,29,,0,12,3,2,1,3,0,1,0,0,1,0,1,,2,200,,95,99,1,5,4
1972-075,1972-075-01,1972-075-01-01,1972-075-01-01-01,3/19/73,2,410 U.S. 667,93 S. Ct. 1197,35 L. Ed. 2d 618,1973 U.S. LEXIS 93,1972,1504,Burger,72-794,PAPISH v. BOARD OF CURATORS OF THE UNIVERSITY OF MISSOURI et al.,,,239,,26,30,1,117,30,0,87,,28,,1,12,2,1,1,4,0,1,0,0,2,0,2,,2,200,,,81,1,6,3
1972-125,1972-125-01,1972-125-01-01,1972-125-01-01-01,5/29/73,1,412 U.S. 94,93 S. Ct. 2080,36 L. Ed. 2d 772,1973 U.S. LEXIS 4,1972,1504,Burger,71-863,"COLUMBIA BROADCASTING SYSTEM, INC. v. DEMOCRATIC NATIONAL COMMITTEE",10/16/72,,191,,211,,1,38,,0,32,,32,,1,11,3,2,1,3,0,1,0,0,1,0,1,5,2,200,,99,99,1,7,2
1972-125,1972-125-02,1972-125-02-01,1972-125-02-01-01,5/29/73,1,412 U.S. 94,93 S. Ct. 2080,36 L. Ed. 2d 772,1973 U.S. LEXIS 4,1972,1504,Burger,71-864,FEDERAL COMMUNICATIONS COMMISSION et al. v. BUSINESS EXECUTIVES' MOVE FOR VIETNAM PEACE et al.,10/16/72,,338,,207,,1,38,,0,32,,32,,1,11,3,2,1,3,0,1,0,0,1,0,1,5,2,200,,99,99,1,7,2
1972-125,1972-125-03,1972-125-03-01,1972-125-03-01-01,5/29/73,1,412 U.S. 94,93 S. Ct. 2080,36 L. Ed. 2d 772,1973 U.S. LEXIS 4,1972,1504,Burger,71-865,"POST-NEWSWEEK STATIONS, CAPITAL AREA, INC. v. BUSINESS EXECUTIVES' MOVE FOR VIETNAM PEACE",10/16/72,,191,,207,,1,38,,0,32,,32,,1,11,3,2,1,3,0,1,0,0,1,0,1,5,2,200,,99,99,1,7,2
1972-125,1972-125-04,1972-125-04-01,1972-125-04-01-01,5/29/73,1,412 U.S. 94,93 S. Ct. 2080,36 L. Ed. 2d 772,1973 U.S. LEXIS 4,1972,1504,Burger,71-866,"AMERICAN BROADCASTING COS., INC. v. DEMOCRATIC NATIONAL COMMITTEE",10/16/72,,191,,211,,1,38,,0,32,,32,,1,11,3,2,1,3,0,1,0,0,1,0,1,5,2,200,,99,99,1,7,2
1972-177,1972-177-01,1972-177-01-01,1972-177-01-01-01,6/25/73,1,413 U.S. 548,93 S. Ct. 2880,37 L. Ed. 2d 796,1973 U.S. LEXIS 146,1972,1504,Burger,72-634,"UNITED STATES CIVIL SERVICE COMMISSION et al. v. NATIONAL ASSOCIATION OF LETTER CARRIERS, AFL-CIO, et al.",3/26/73,,320,,8,60,2,,,1,55,,55,,1,1,,2,1,3,0,1,0,0,1,0,1,5,2,200,,95,99,1,6,3
1972-177,1972-177-01,1972-177-01-02,1972-177-01-02-01,6/25/73,1,413 U.S. 548,93 S. Ct. 2880,37 L. Ed. 2d 796,1973 U.S. LEXIS 146,1972,1504,Burger,72-634,"UNITED STATES CIVIL SERVICE COMMISSION et al. v. NATIONAL ASSOCIATION OF LETTER CARRIERS, AFL-CIO, et al.",3/26/73,,320,,8,60,2,,,1,55,,55,,1,1,,2,1,3,0,1,0,0,1,0,1,5,6,600,5 U.S.C. § 7324,95,99,1,6,3
1972-178,1972-178-01,1972-178-01-01,1972-178-01-01-01,6/25/73,1,413 U.S. 601,93 S. Ct. 2908,37 L. Ed. 2d 830,1973 U.S. LEXIS 34,1972,1504,Burger,71-1639,BROADRICK et al. v. OKLAHOMA et al.,3/26/73,,8,42,28,42,2,117,42,1,107,,107,,0,1,9,1,1,2,0,0,0,0,1,0,2,,2,200,,95,99,1,5,4
1973-002,1973-002-01,1973-002-01-01,1973-002-01-01-01,10/15/73,2,414 U.S. 2,94 S. Ct. 17,38 L. Ed. 2d 3,1973 U.S. LEXIS 164,1973,1504,Burger,72-6897,PLUMMER v. CITY OF COLUMBUS,,,177,,3,41,2,,,0,302,41,300,41,0,1,2,1,3,3,0,1,0,0,2,0,2,,2,200,,,81,1,5,4
1973-002,1973-002-01,1973-002-01-02,1973-002-01-02-01,10/15/73,2,414 U.S. 2,94 S. Ct. 17,38 L. Ed. 2d 3,1973 U.S. LEXIS 164,1973,1504,Burger,72-6897,PLUMMER v. CITY OF COLUMBUS,,,177,,3,41,2,,,0,302,41,300,41,0,1,2,1,3,3,0,1,0,0,2,0,2,,8,800,,,,1,5,4
1973-096,1973-096-01,1973-096-01-01,1973-096-01-01-01,4/29/74,1,416 U.S. 396,94 S. Ct. 1800,40 L. Ed. 2d 224,1974 U.S. LEXIS 132,1973,1504,Burger,72-1465,"PROCUNIER, CORRECTIONS DIRECTOR, et al. v. MARTINEZ et al.",12/3/73,,28,6,215,,2,117,6,1,50,,50,,0,1,3,2,3,2,0,0,0,0,2,0,2,,2,200,,101,99,1,9,0
1973-151,1973-151-01,1973-151-01-01,1973-151-01-01-01,6/24/74,1,417 U.S. 817,94 S. Ct. 2800,41 L. Ed. 2d 495,1974 U.S. LEXIS 82,1973,1504,Burger,73-918,"PELL et al. v. PROCUNIER, CORRECTIONS DIRECTOR, et al.",4/16/74,,226,,28,6,2,,,1,50,,50,,0,1,,1,1,5,0,0,0,0,1,0,2,,2,200,,94,99,1,5,4
1973-151,1973-151-02,1973-151-02-01,1973-151-02-01-01,6/24/74,1,417 U.S. 817,94 S. Ct. 2800,41 L. Ed. 2d 495,1974 U.S. LEXIS 82,1973,1504,Burger,73-754,"PROCUNIER, CORRECTIONS DIRECTOR v. HILLERY et al.",4/16/74,,28,6,215,,2,,,1,50,,50,,0,1,,2,1,5,0,1,0,0,1,0,2,,2,200,,94,99,1,6,3
1973-152,1973-152-01,1973-152-01-01,1973-152-01-01-01,6/24/74,1,417 U.S. 843,94 S. Ct. 2811,41 L. Ed. 2d 514,1974 U.S. LEXIS 83,1973,1504,Burger,73-1265,"SAXBE, ATTORNEY GENERAL, et al. v. WASHINGTON POST CO. et al.",4/17/74,,1,,190,,1,,,0,55,,32,,0,3,2,2,1,4,0,1,0,0,1,0,1,,2,200,,94,99,1,5,4
1973-159,1973-159-01,1973-159-01-01,1973-159-01-01-01,6/25/74,1,418 U.S. 241,94 S. Ct. 2831,41 L. Ed. 2d 730,1974 U.S. LEXIS 86,1973,1504,Burger,73-797,"MIAMI HERALD PUBLISHING CO., DIVISION OF KNIGHT NEWSPAPERS, INC. v. TORNILLO",4/17/74,,190,,211,,2,,,0,302,12,300,12,0,1,4,1,3,3,0,1,0,0,2,0,2,,2,200,,99,99,1,9,0
1973-159,1973-159-01,1973-159-01-02,1973-159-01-02-01,6/25/74,1,418 U.S. 241,94 S. Ct. 2831,41 L. Ed. 2d 730,1974 U.S. LEXIS 86,1973,1504,Burger,73-797,"MIAMI HERALD PUBLISHING CO., DIVISION OF KNIGHT NEWSPAPERS, INC. v. TORNILLO",4/17/74,,190,,211,,2,,,0,302,12,300,12,0,1,4,1,3,3,0,1,0,0,2,0,4,,6,600,28 U.S.C. § 1257,99,99,1,9,0
1973-161,1973-161-01,1973-161-01-01,1973-161-01-01-01,6/25/74,7,418 U.S. 298,94 S. Ct. 2714,41 L. Ed. 2d 770,1974 U.S. LEXIS 25,1973,1504,Burger,73-328,LEHMAN v. CITY OF SHAKER HEIGHTS et al.,2/26/74,,211,,3,41,1,,,0,302,41,300,41,1,10,2,1,1,2,0,0,0,0,1,0,2,,2,200,,100,99,1,5,4
1974-066,1974-066-01,1974-066-01-01,1974-066-01-01-01,3/18/75,1,420 U.S. 546,95 S. Ct. 1239,43 L. Ed. 2d 448,1975 U.S. LEXIS 3,1974,1504,Burger,73-1004,"SOUTHEASTERN PROMOTIONS, LTD. v. CONRAD et al.",10/17/74,,156,,3,50,1,117,50,0,116,,26,,1,11,2,1,1,3,0,1,0,0,2,0,2,,2,200,,100,81,1,6,3
1975-044,1975-044-01,1975-044-01-01,1975-044-01-01-01,3/3/76,1,424 U.S. 507,96 S. Ct. 1029,47 L. Ed. 2d 196,1976 U.S. LEXIS 5,1975,1506,Burger,74-773,HUDGENS v. NATIONAL LABOR RELATIONS BOARD et al.,10/14/75,,235,,382,,1,82,,0,25,,25,,0,10,2,2,1,5,0,1,1,0,1,0,1,,2,200,,94,99,1,6,2
1975-044,1975-044-01,1975-044-01-02,1975-044-01-02-01,3/3/76,1,424 U.S. 507,96 S. Ct. 1029,47 L. Ed. 2d 196,1976 U.S. LEXIS 5,1975,1506,Burger,74-773,HUDGENS v. NATIONAL LABOR RELATIONS BOARD et al.,10/14/75,,235,,382,,1,82,,0,25,,25,,0,10,2,2,1,5,0,1,1,0,1,0,4,5,3,356,,94,99,1,6,2
1975-060,1975-060-01,1975-060-01-01,1975-060-01-01-01,3/24/76,1,424 U.S. 828,96 S. Ct. 1211,47 L. Ed. 2d 505,1976 U.S. LEXIS 12,1975,1506,Burger,74-848,"GREER, COMMANDER, FORT DIX MILITARY RESERVATION, et al. v. SPOCK et al.",11/5/75,,27,,211,,1,6,,0,92,,23,,0,10,2,2,1,3,0,1,0,0,1,0,1,,2,200,,94,99,1,6,2
1975-071,1975-071-01,1975-071-01-01,1975-071-01-01-01,4/5/76,1,425 U.S. 238,96 S. Ct. 1440,47 L. Ed. 2d 708,1976 U.S. LEXIS 35,1975,1506,Burger,74-1269,"KELLEY, COMMISSIONER, SUFFOLK COUNTY POLICE DEPARTMENT v. JOHNSON",12/8/75,,19,37,8,37,1,117,37,0,94,,22,,0,11,2,2,1,3,0,1,0,0,1,0,2,,2,200,,102,99,1,6,2
1975-091,1975-091-01,1975-091-01-01,1975-091-01-01-01,5/19/76,1,425 U.S. 610,96 S. Ct. 1755,48 L. Ed. 2d 243,1976 U.S. LEXIS 149,1975,1506,Burger,74-1329,HYNES et al. v. MAYOR AND COUNCIL OF BOROUGH OF ORADELL et al.,12/10/75,,211,,3,35,2,,,0,302,35,300,35,1,1,4,1,4,4,0,1,0,0,2,0,2,,2,200,,99,99,1,7,1
1975-158,1975-158-01,1975-158-01-01,1975-158-01-01-01,6/25/76,7,427 U.S. 347,96 S. Ct. 2673,49 L. Ed. 2d 547,1976 U.S. LEXIS 109,1975,1506,Burger,74-1520,"ELROD, SHERIFF, et al. v. BURNS et al.",4/19/76,,211,,8,17,1,,,0,66,,27,,0,12,4,2,1,2,0,0,0,0,2,0,2,,2,201,,92,92,1,5,3
1975-166,1975-166-01,1975-166-01-01,1975-166-01-01-01,6/30/76,1,427 U.S. 539,96 S. Ct. 2791,49 L. Ed. 2d 683,1976 U.S. LEXIS 17,1975,1506,Burger,75-817,"NEBRASKA PRESS ASSN. et al. v. STUART, JUDGE, et al.",4/19/76,,226,,16,32,1,,,0,302,32,300,32,0,11,2,1,1,3,0,1,0,0,2,0,2,,2,200,,99,99,1,9,0
1976-023,1976-023-01,1976-023-01-01,1976-023-01-01-01,12/8/76,1,429 U.S. 167,97 S. Ct. 421,50 L. Ed. 2d 376,1976 U.S. LEXIS 181,1976,1506,Burger,75-946,CITY OF MADISON JOINT SCHOOL DISTRICT NO. 8 et al. v. WISCONSIN EMPLOYMENT RELATIONS COMMISSION et al.,10/12/76,,21,58,4,58,2,117,58,0,302,58,300,58,0,1,2,1,1,4,0,1,0,0,2,0,2,,2,200,,99,99,1,9,0
1976-029,1976-029-01,1976-029-01-01,1976-029-01-01-01,1/11/77,1,429 U.S. 274,97 S. Ct. 568,50 L. Ed. 2d 471,1977 U.S. LEXIS 29,1976,1506,Burger,75-1278,MT. HEALTHY CITY SCHOOL DISTRICT BOARD OF EDUCATION v. DOYLE,11/3/76,,21,41,8,41,1,117,41,0,104,,26,,0,11,2,2,1,5,0,1,0,0,1,0,2,,2,224,,102,99,1,9,0
1976-029,1976-029-01,1976-029-01-02,1976-029-01-02-01,1/11/77,1,429 U.S. 274,97 S. Ct. 568,50 L. Ed. 2d 471,1977 U.S. LEXIS 29,1976,1506,Burger,75-1278,MT. HEALTHY CITY SCHOOL DISTRICT BOARD OF EDUCATION v. DOYLE,11/3/76,,21,41,8,41,1,117,41,0,104,,26,,0,11,2,2,1,5,0,1,0,0,1,0,2,,2,200,,102,99,1,9,0
1976-029,1976-029-01,1976-029-01-03,1976-029-01-03-01,1/11/77,1,429 U.S. 274,97 S. Ct. 568,50 L. Ed. 2d 471,1977 U.S. LEXIS 29,1976,1506,Burger,75-1278,MT. HEALTHY CITY SCHOOL DISTRICT BOARD OF EDUCATION v. DOYLE,11/3/76,,21,41,8,41,1,117,41,0,104,,26,,0,11,2,2,1,5,0,1,0,0,1,0,4,,6,600,28 U.S.C. § 1331,102,99,1,9,0
1976-066,1976-066-01,1976-066-01-01,1976-066-01-01-01,3/7/77,2,430 U.S. 308,97 S. Ct. 1045,51 L. Ed. 2d 355,1977 U.S. LEXIS 58,1976,1506,Burger,76-867,"OKLAHOMA PUBLISHING CO. v. DISTRICT COURT IN AND FOR OKLAHOMA COUNTY, OKLAHOMA, et al.",,,226,,6,42,1,,,0,302,42,300,42,0,12,2,1,1,3,0,1,0,0,2,0,2,,2,200,,,99,1,9,0
1976-136,1976-136-01,1976-136-01-01,1976-136-01-01-01,6/14/77,2,432 U.S. 43,97 S. Ct. 2205,53 L. Ed. 2d 96,1977 U.S. LEXIS 113,1976,1506,Burger,76-1786,NATIONAL SOCIALIST PARTY OF AMERICA et al. v. VILLAGE OF SKOKIE,,,211,,3,17,1,,,0,302,17,300,17,0,12,,1,1,4,0,1,0,0,2,0,2,,2,200,,,92,1,5,4
1976-163,1976-163-01,1976-163-01-01,1976-163-01-01-01,6/23/77,1,433 U.S. 119,97 S. Ct. 2532,53 L. Ed. 2d 629,1977 U.S. LEXIS 136,1976,1506,Burger,75-1874,"JONES, SECRETARY, DEPARTMENT OF CORRECTION OF NORTH CAROLINA, et al. v. NORTH CAROLINA PRISONERS' LABOR UNION, INC.",4/19/77,,28,38,215,,2,117,38,1,98,,98,,0,1,3,2,1,3,0,1,0,0,1,0,2,,2,201,,102,99,1,7,2
1976-163,1976-163-01,1976-163-01-02,1976-163-01-02-01,6/23/77,1,433 U.S. 119,97 S. Ct. 2532,53 L. Ed. 2d 629,1977 U.S. LEXIS 136,1976,1506,Burger,75-1874,"JONES, SECRETARY, DEPARTMENT OF CORRECTION OF NORTH CAROLINA, et al. v. NORTH CAROLINA PRISONERS' LABOR UNION, INC.",4/19/77,,28,38,215,,2,117,38,1,98,,98,,0,1,3,2,1,3,0,1,0,0,1,0,2,,2,231,,102,99,1,7,2
1977-074,1977-074-01,1977-074-01-01,1977-074-01-01-01,5/1/78,1,435 U.S. 829,98 S. Ct. 1535,56 L. Ed. 2d 1,1978 U.S. LEXIS 84,1977,1506,Burger,76-1450,"LANDMARK COMMUNICATIONS, INC. v. VIRGINIA",1/11/78,,190,,28,55,2,,,0,302,55,300,55,1,1,2,1,3,4,0,1,0,0,2,0,2,,2,200,,99,99,1,7,0
1977-138,1977-138-01,1977-138-01-01,1977-138-01-01-01,6/26/78,7,438 U.S. 1,98 S. Ct. 2588,57 L. Ed. 2d 553,1978 U.S. LEXIS 11,1977,1506,Burger,76-1310,"HOUCHINS, SHERIFF OF THE COUNTY OF ALAMEDA, CALIFORNIA v. KQED, INC., et al.",11/29/77,,28,6,226,,1,,,0,50,,29,,0,12,2,2,1,4,0,1,0,0,1,0,2,,2,200,,99,99,1,4,3
1977-157,1977-157-01,1977-157-01-01,1977-157-01-01-01,7/3/78,1,438 U.S. 726,98 S. Ct. 3026,57 L. Ed. 2d 1073,1978 U.S. LEXIS 135,1977,1506,Burger,77-528,FEDERAL COMMUNICATIONS COMMISSION v. PACIFICA FOUNDATION et al.,4/18/78,,338,,221,,1,38,,0,32,,32,,1,12,3,2,1,3,0,1,0,0,1,0,1,,2,200,,103,99,1,5,4
1977-157,1977-157-01,1977-157-01-02,1977-157-01-02-01,7/3/78,1,438 U.S. 726,98 S. Ct. 3026,57 L. Ed. 2d 1073,1978 U.S. LEXIS 135,1977,1506,Burger,77-528,FEDERAL COMMUNICATIONS COMMISSION v. PACIFICA FOUNDATION et al.,4/18/78,,338,,221,,1,38,,0,32,,32,,1,12,3,2,1,3,0,1,0,0,1,0,5,4,6,600,18 U.S.C. § 1464,103,99,1,5,4
1978-025,1978-025-01,1978-025-01-01,1978-025-01-01-01,1/4/79,1,439 U.S. 410,99 S. Ct. 693,58 L. Ed. 2d 619,1979 U.S. LEXIS 209,1978,1506,Burger,77-1051,GIVHAN v. WESTERN LINE CONSOLIDATED SCHOOL DISTRICT et al.,11/7/78,,8,29,21,29,1,117,29,0,84,,25,,0,12,3,1,1,5,0,1,0,0,2,0,2,,2,200,,102,99,1,9,0
1978-087,1978-087-01,1978-087-01-01,1978-087-01-01-01,4/30/79,2,441 U.S. 463,99 S. Ct. 1826,60 L. Ed. 2d 360,1979 U.S. LEXIS 95,1978,1506,Burger,78-1223,"SMITH et al. v. ARKANSAS STATE HIGHWAY EMPLOYEES, LOCAL 1315, et al.",,,19,5,8,5,1,117,5,0,46,,28,,0,12,2,2,1,3,0,1,0,0,1,0,2,,2,200,,,99,1,7,1
1978-110,1978-110-01,1978-110-01-01,1978-110-01-01-01,6/4/79,1,442 U.S. 191,99 S. Ct. 2243,60 L. Ed. 2d 816,1979 U.S. LEXIS 22,1978,1506,Burger,78-647,MARCHIORO et al. v. CHANEY et al.,3/26/79,,211,,211,,2,,,0,302,56,300,56,1,1,3,1,1,2,0,0,0,0,1,0,2,,2,201,,103,99,1,8,0
1978-142,1978-142-01,1978-142-01-01,1978-142-01-01-01,6/26/79,1,443 U.S. 97,99 S. Ct. 2667,61 L. Ed. 2d 399,1979 U.S. LEXIS 139,1978,1506,Burger,78-482,"SMITH, JUDGE, et al. v. DAILY MAIL PUBLISHING CO. et al.",3/20/79,,19,57,190,,1,,,0,302,57,300,57,0,12,1,2,3,2,0,0,0,0,2,0,2,,2,200,,99,99,1,8,0
1979-022,1979-022-01,1979-022-01-01,1979-022-01-01-01,1/21/80,1,444 U.S. 348,100 S. Ct. 594,62 L. Ed. 2d 540,1980 U.S. LEXIS 68,1979,1506,Burger,78-1006,"BROWN, SECRETARY OF DEFENSE, et al. v. GLINES",11/6/79,,324,,186,,1,3,,0,50,,29,,0,12,2,2,1,3,0,1,0,0,1,0,5,1,2,200,,101,99,1,5,3
1979-022,1979-022-01,1979-022-01-02,1979-022-01-02-01,1/21/80,1,444 U.S. 348,100 S. Ct. 594,62 L. Ed. 2d 540,1980 U.S. LEXIS 68,1979,1506,Burger,78-1006,"BROWN, SECRETARY OF DEFENSE, et al. v. GLINES",11/6/79,,324,,186,,1,3,,0,50,,29,,0,12,2,2,1,3,0,1,0,0,1,0,4,,6,600,10 U.S.C. § 1034,101,99,1,5,3
1979-025,1979-025-01,1979-025-01-01,1979-025-01-01-01,1/21/80,6,444 U.S. 453,100 S. Ct. 606,62 L. Ed. 2d 607,1980 U.S. LEXIS 71,1979,1506,Burger,78-599,SECRETARY OF THE NAVY et al. v. HUFF et al.,11/6/79,,27,,186,,1,77,,0,55,,32,,0,11,12,2,1,3,0,1,0,0,1,0,5,1,2,200,,,99,1,5,3
1979-025,1979-025-01,1979-025-01-02,1979-025-01-02-01,1/21/80,6,444 U.S. 453,100 S. Ct. 606,62 L. Ed. 2d 607,1980 U.S. LEXIS 71,1979,1506,Burger,78-599,SECRETARY OF THE NAVY et al. v. HUFF et al.,11/6/79,,27,,186,,1,77,,0,55,,32,,0,11,12,2,1,3,0,1,0,0,1,0,4,,6,600,10 U.S.C. § 1034,,99,1,5,3
1979-032,1979-032-01,1979-032-01-01,1979-032-01-01-01,2/19/80,2,444 U.S. 507,100 S. Ct. 763,62 L. Ed. 2d 704,1980 U.S. LEXIS 75,1979,1506,Burger,78-1871,SNEPP v. UNITED STATES,,,13,60,27,,1,14,,0,126,,24,,1,11,2,1,1,4,0,0,0,0,1,0,7,,,,,,99,1,6,3
1979-032,1979-032-02,1979-032-02-01,1979-032-02-01-01,2/19/80,2,444 U.S. 507,100 S. Ct. 763,62 L. Ed. 2d 704,1980 U.S. LEXIS 75,1979,1506,Burger,79-265,UNITED STATES v. SNEPP,,,27,,13,60,1,14,,0,126,,24,,1,11,2,2,1,4,0,1,0,0,1,0,7,,,,,,99,1,6,3
1979-037,1979-037-01,1979-037-01-01,1979-037-01-01-01,2/20/80,1,444 U.S. 620,100 S. Ct. 826,63 L. Ed. 2d 73,1980 U.S. LEXIS 78,1979,1506,Burger,78-1335,VILLAGE OF SCHAUMBURG v. CITIZENS FOR A BETTER ENVIRONMENT et al.,10/30/79,,3,17,149,,1,117,17,0,66,,27,,0,11,2,2,4,2,0,0,0,0,2,0,2,,2,200,,95,99,1,8,1
1979-064,1979-064-01,1979-064-01-01,1979-064-01-01-01,3/31/80,1,445 U.S. 507,100 S. Ct. 1287,63 L. Ed. 2d 574,1980 U.S. LEXIS 4,1979,1506,Burger,78-1654,BRANTI v. FINKEL et al.,12/4/79,,211,,8,37,1,,,0,96,,22,,0,12,2,2,1,2,0,0,0,0,2,0,2,,2,200,,103,99,1,6,3
1979-126,1979-126-01,1979-126-01-01,1979-126-01-01-01,6/20/80,1,447 U.S. 530,100 S. Ct. 2326,65 L. Ed. 2d 319,1980 U.S. LEXIS 6,1979,1506,Burger,79-134,"CONSOLIDATED EDISON COMPANY OF NEW YORK, INC. v. PUBLIC SERVICE COMMISSION OF NEW YORK",3/17/80,,148,,4,37,2,117,37,0,302,37,300,37,0,1,3,1,3,3,0,1,0,0,2,0,2,,2,200,,101,99,1,7,2
1979-126,1979-126-01,1979-126-01-02,1979-126-01-02-01,6/20/80,1,447 U.S. 530,100 S. Ct. 2326,65 L. Ed. 2d 319,1980 U.S. LEXIS 6,1979,1506,Burger,79-134,"CONSOLIDATED EDISON COMPANY OF NEW YORK, INC. v. PUBLIC SERVICE COMMISSION OF NEW YORK",3/17/80,,148,,4,37,2,117,37,0,302,37,300,37,0,1,3,1,3,3,0,1,0,0,2,,2,,8,800,,,,1,7,2
1979-154,1979-154-01,1979-154-01-01,1979-154-01-01-01,7/2/80,7,448 U.S. 555,100 S. Ct. 2814,65 L. Ed. 2d 973,1980 U.S. LEXIS 18,1979,1506,Burger,79-243,"RICHMOND NEWSPAPERS, INC., et al. v. VIRGINIA et al.",2/19/80,,190,,28,55,1,,,0,302,55,300,55,0,11,2,1,1,3,0,1,0,0,2,0,2,,2,200,,99,99,1,7,1
1980-043,1980-043-01,1980-043-01-01,1980-043-01-01-01,2/25/81,1,450 U.S. 107,101 S. Ct. 1010,67 L. Ed. 2d 82,1981 U.S. LEXIS 7,1980,1506,Burger,79-1631,DEMOCRATIC PARTY OF UNITED STATES et al. v. WISCONSIN ex rel. LA FOLLETTE et al.,12/8/80,,211,,211,,2,,,0,300,58,300,58,0,1,,1,3,3,0,1,0,0,2,0,2,,2,201,,94,99,1,6,3
1980-137,1980-137-01,1980-137-01-01,1980-137-01-01-01,6/25/81,1,453 U.S. 114,101 S. Ct. 2676,69 L. Ed. 2d 517,1981 U.S. LEXIS 127,1980,1506,Burger,80-608,UNITED STATES POSTAL SERVICE v. COUNCIL OF GREENBURGH CIVIC ASSOCIATIONS et al.,4/21/81,,412,,192,,2,,,0,96,,96,,0,1,,2,1,3,0,1,0,0,1,0,1,,6,600,18 U.S.C. § 1725,102,99,1,7,2
1980-137,1980-137-01,1980-137-01-02,1980-137-01-02-01,6/25/81,1,453 U.S. 114,101 S. Ct. 2676,69 L. Ed. 2d 517,1981 U.S. LEXIS 127,1980,1506,Burger,80-608,UNITED STATES POSTAL SERVICE v. COUNCIL OF GREENBURGH CIVIC ASSOCIATIONS et al.,4/21/81,,412,,192,,2,,,0,96,,96,,0,1,,2,1,3,0,1,0,0,1,0,1,,2,200,,102,99,1,7,2
1981-054,1981-054-01,1981-054-01-01,1981-054-01-01-01,3/2/82,1,455 U.S. 489,102 S. Ct. 1186,71 L. Ed. 2d 362,1982 U.S. LEXIS 78,1981,1507,Burger,80-1681,"VILLAGE OF HOFFMAN ESTATES et al. v. THE FLIPSIDE, HOFFMAN ESTATES, INC.",12/9/81,,3,17,238,,2,117,17,0,66,,27,,0,1,3,2,1,4,0,1,0,0,1,0,2,,2,200,,98,99,1,8,0
1981-073,1981-073-01,1981-073-01-01,1981-073-01-01-01,4/5/82,1,456 U.S. 45,102 S. Ct. 1523,71 L. Ed. 2d 732,1982 U.S. LEXIS 92,1981,1507,Burger,80-1285,BROWN v. HARTLAGE,1/20/82,,211,,211,,1,,,0,302,21,301,21,0,12,2,1,3,4,0,1,0,0,2,0,2,,2,200,,92,99,1,9,0
1981-135,1981-135-01,1981-135-01-01,1981-135-01-01-01,6/23/82,1,457 U.S. 596,102 S. Ct. 2613,73 L. Ed. 2d 248,1982 U.S. LEXIS 137,1981,1507,Burger,81-611,GLOBE NEWSPAPER CO. v. SUPERIOR COURT FOR THE COUNTY OF NORFOLK,3/29/82,,190,,6,26,2,,,0,302,26,300,26,1,1,2,1,3,3,0,1,0,0,2,0,2,,2,200,,92,92,1,6,3
1981-135,1981-135-01,1981-135-01-02,1981-135-01-02-01,6/23/82,1,457 U.S. 596,102 S. Ct. 2613,73 L. Ed. 2d 248,1982 U.S. LEXIS 137,1981,1507,Burger,81-611,GLOBE NEWSPAPER CO. v. SUPERIOR COURT FOR THE COUNTY OF NORFOLK,3/29/82,,190,,6,26,2,,,0,302,26,300,26,1,1,2,1,3,3,0,1,0,0,2,0,1,,1,139,,92,92,1,6,3
1981-143,1981-143-01,1981-143-01-01,1981-143-01-01-01,6/25/82,7,457 U.S. 853,102 S. Ct. 2799,73 L. Ed. 2d 435,1982 U.S. LEXIS 8,1981,1507,Burger,80-2043,"BOARD OF EDUCATION, ISLAND TREES UNION FREE SCHOOL DISTRICT NO. 26, et al. v. PICO, BY HIS NEXT FRIEND PICO, et al.",3/2/82,,21,37,239,,1,117,37,0,94,,22,,1,12,4,2,1,2,0,0,0,0,2,0,2,3,2,200,,92,92,1,5,4
1982-030,1982-030-01,1982-030-01-01,1982-030-01-01-01,2/23/83,1,460 U.S. 37,103 S. Ct. 948,74 L. Ed. 2d 794,1983 U.S. LEXIS 130,1982,1507,Burger,81-896,PERRY EDUCATION ASSOCIATION v. PERRY LOCAL EDUCATORS' ASSOCIATION et al.,10/13/82,,249,,249,,2,117,18,0,69,,27,,0,1,3,2,1,3,0,1,0,0,1,0,2,,2,200,,95,99,1,5,4
1982-030,1982-030-01,1982-030-01-02,1982-030-01-02-01,2/23/83,1,460 U.S. 37,103 S. Ct. 948,74 L. Ed. 2d 794,1983 U.S. LEXIS 130,1982,1507,Burger,81-896,PERRY EDUCATION ASSOCIATION v. PERRY LOCAL EDUCATORS' ASSOCIATION et al.,10/13/82,,249,,249,,2,117,18,0,69,,27,,0,1,3,2,1,3,0,1,0,0,1,0,4,,6,600,28 U.S.C. § 1254,95,99,1,5,4
1982-030,1982-030-01,1982-030-01-03,1982-030-01-03-01,2/23/83,1,460 U.S. 37,103 S. Ct. 948,74 L. Ed. 2d 794,1983 U.S. LEXIS 130,1982,1507,Burger,81-896,PERRY EDUCATION ASSOCIATION v. PERRY LOCAL EDUCATORS' ASSOCIATION et al.,10/13/82,,249,,249,,2,117,18,0,69,,27,,0,1,3,2,1,3,0,1,0,0,1,0,2,,2,231,,95,99,1,5,4
1982-050,1982-050-01,1982-050-01-01,1982-050-01-01-01,3/29/83,1,460 U.S. 575,103 S. Ct. 1365,75 L. Ed. 2d 295,1983 U.S. LEXIS 6,1982,1507,Burger,81-1839,MINNEAPOLIS STAR & TRIBUNE CO. v. MINNESOTA COMMISSIONER OF REVENUE,1/12/83,,190,,28,28,2,,,0,302,28,300,28,0,1,2,1,3,3,0,1,0,0,2,0,2,,2,200,,104,99,1,8,1
1982-065,1982-065-01,1982-065-01-01,1982-065-01-01-01,4/20/83,1,461 U.S. 138,103 S. Ct. 1684,75 L. Ed. 2d 708,1983 U.S. LEXIS 153,1982,1507,Burger,81-1251,"CONNICK, DISTRICT ATTORNEY IN AND FOR THE PARISH OF ORLEANS, LOUISIANA v. MYERS",11/8/82,,19,22,8,22,1,,,0,75,,25,,0,12,2,2,1,3,0,1,0,0,1,0,2,,2,200,,95,99,1,5,4
1982-066,1982-066-01,1982-066-01-01,1982-066-01-01-01,4/20/83,1,461 U.S. 171,103 S. Ct. 1702,75 L. Ed. 2d 736,1983 U.S. LEXIS 154,1982,1507,Burger,81-1863,UNITED STATES et al. v. GRACE et al.,1/18/83,,27,,218,,2,,,0,55,,32,,0,1,3,2,2,6,1,0,0,0,2,0,1,,2,200,,95,99,1,9,0
1982-066,1982-066-01,1982-066-01-02,1982-066-01-02-01,4/20/83,1,461 U.S. 171,103 S. Ct. 1702,75 L. Ed. 2d 736,1983 U.S. LEXIS 154,1982,1507,Burger,81-1863,UNITED STATES et al. v. GRACE et al.,1/18/83,,27,,218,,2,,,0,55,,32,,0,1,3,2,2,6,1,0,0,0,2,0,1,,6,600,40 U.S.C. § 13,95,99,1,9,0
1982-082,1982-082-01,1982-082-01-01,1982-082-01-01-01,5/23/83,1,461 U.S. 540,103 S. Ct. 1997,76 L. Ed. 2d 129,1983 U.S. LEXIS 33,1982,1507,Burger,81-2338,"REGAN, SECRETARY OF THE TREASURY, et al. v. TAXATION WITH REPRESENTATION OF WASHINGTON",3/22/83,,408,,207,,2,69,,0,55,,32,,0,1,3,2,1,3,0,1,0,0,1,0,1,,2,200,,102,99,1,9,0
1982-082,1982-082-02,1982-082-02-01,1982-082-02-01-01,5/23/83,1,461 U.S. 540,103 S. Ct. 1997,76 L. Ed. 2d 129,1983 U.S. LEXIS 33,1982,1507,Burger,82-134,"TAXATION WITH REPRESENTATION OF WASHINGTON v. REGAN, SECRETARY OF THE TREASURY, et al.",3/22/83,,207,,408,,2,69,,0,55,,32,,0,1,3,1,1,3,0,0,0,0,1,0,1,,2,200,,102,99,1,9,0
1982-082,1982-082-02,1982-082-02-02,1982-082-02-02-01,5/23/83,1,461 U.S. 540,103 S. Ct. 1997,76 L. Ed. 2d 129,1983 U.S. LEXIS 33,1982,1507,Burger,82-134,"TAXATION WITH REPRESENTATION OF WASHINGTON v. REGAN, SECRETARY OF THE TREASURY, et al.",3/22/83,,207,,408,,2,69,,0,55,,32,,0,1,3,1,1,3,0,0,0,0,1,0,1,,2,212,,102,99,1,9,0
1982-082,1982-082-02,1982-082-02-03,1982-082-02-03-01,5/23/83,1,461 U.S. 540,103 S. Ct. 1997,76 L. Ed. 2d 129,1983 U.S. LEXIS 33,1982,1507,Burger,82-134,"TAXATION WITH REPRESENTATION OF WASHINGTON v. REGAN, SECRETARY OF THE TREASURY, et al.",3/22/83,,207,,408,,2,69,,0,55,,32,,0,1,3,1,1,3,0,0,0,0,1,0,1,,2,212,,102,99,1,9,0
1982-082,1982-082-02,1982-082-02-04,1982-082-02-04-01,5/23/83,1,461 U.S. 540,103 S. Ct. 1997,76 L. Ed. 2d 129,1983 U.S. LEXIS 33,1982,1507,Burger,82-134,"TAXATION WITH REPRESENTATION OF WASHINGTON v. REGAN, SECRETARY OF THE TREASURY, et al.",3/22/83,,207,,408,,2,69,,0,55,,32,,0,1,3,1,1,3,0,0,0,0,1,0,1,,3,345,,102,99,1,9,0
1982-082,1982-082-02,1982-082-02-05,1982-082-02-05-01,5/23/83,1,461 U.S. 540,103 S. Ct. 1997,76 L. Ed. 2d 129,1983 U.S. LEXIS 33,1982,1507,Burger,82-134,"TAXATION WITH REPRESENTATION OF WASHINGTON v. REGAN, SECRETARY OF THE TREASURY, et al.",3/22/83,,207,,408,,2,69,,0,55,,32,,0,1,3,1,1,3,0,0,0,0,1,0,1,,3,345,,102,99,1,9,0
1983-023,1983-023-01,1983-023-01-01,1983-023-01-01-01,1/18/84,1,464 U.S. 501,104 S. Ct. 819,78 L. Ed. 2d 629,1984 U.S. LEXIS 20,1983,1507,Burger,82-556,"PRESS-ENTERPRISE CO. v. SUPERIOR COURT OF CALIFORNIA, RIVERSIDE COUNTY",10/12/83,,190,,6,6,1,,,0,302,6,301,6,0,11,9,1,1,5,0,1,0,0,2,0,2,,2,200,,99,99,1,9,0
1983-035,1983-035-01,1983-035-01-01,1983-035-01-01-01,2/21/84,1,465 U.S. 271,104 S. Ct. 1058,79 L. Ed. 2d 299,1984 U.S. LEXIS 28,1983,1507,Burger,82-898,MINNESOTA STATE BOARD FOR COMMUNITY COLLEGES v. KNIGHT et al.,11/1/83,,2,28,8,28,2,117,28,1,83,,83,,0,1,,2,1,3,0,1,0,0,1,0,2,,2,200,,104,99,1,6,3
1983-035,1983-035-02,1983-035-02-01,1983-035-02-01-01,2/21/84,1,465 U.S. 271,104 S. Ct. 1058,79 L. Ed. 2d 299,1984 U.S. LEXIS 28,1983,1507,Burger,82-977,MINNESOTA COMMUNITY COLLEGE FACULTY ASSOCIATION et al. v. KNIGHT et al.,11/1/83,,249,,8,28,2,117,28,1,83,,83,,0,1,,2,1,3,0,1,0,0,1,0,2,,2,200,,104,99,1,6,3
1983-096,1983-096-01,1983-096-01-01,1983-096-01-01-01,5/15/84,1,466 U.S. 789,104 S. Ct. 2118,80 L. Ed. 2d 772,1984 U.S. LEXIS 83,1983,1507,Burger,82-975,MEMBERS OF THE CITY COUNCIL OF THE CITY OF LOS ANGELES et al. v. TAXPAYERS FOR VINCENT et al.,10/12/83,,3,6,211,,2,,,0,48,,29,,0,1,3,2,1,4,0,1,0,0,1,0,2,,2,200,,103,99,1,6,3
1983-098,1983-098-01,1983-098-01-01,1983-098-01-01-01,5/21/84,1,467 U.S. 20,104 S. Ct. 2199,81 L. Ed. 2d 17,1984 U.S. LEXIS 85,1983,1507,Burger,82-1721,"SEATTLE TIMES CO., DBA THE SEATTLE TIMES, et al. v. RHINEHART et al.",2/21/84,,190,,130,,1,,,0,302,56,300,56,0,5,2,1,1,2,0,0,0,0,1,0,2,,2,200,,101,99,1,9,0
1983-139,1983-139-01,1983-139-01-01,1983-139-01-01-01,6/26/84,1,467 U.S. 947,104 S. Ct. 2839,81 L. Ed. 2d 786,1984 U.S. LEXIS 123,1983,1507,Burger,82-766,"SECRETARY OF STATE OF MARYLAND v. JOSEPH H. MUNSON CO., INC.",10/31/83,,19,25,149,,1,117,25,0,302,25,300,25,0,11,3,2,3,2,0,0,0,0,2,0,1,,1,139,,100,92,1,5,4
1983-139,1983-139-01,1983-139-01-02,1983-139-01-02-01,6/26/84,1,467 U.S. 947,104 S. Ct. 2839,81 L. Ed. 2d 786,1984 U.S. LEXIS 123,1983,1507,Burger,82-766,"SECRETARY OF STATE OF MARYLAND v. JOSEPH H. MUNSON CO., INC.",10/31/83,,19,25,149,,1,117,25,0,302,25,300,25,0,11,3,2,3,2,0,0,0,0,2,0,2,,2,200,,100,92,1,5,4
1983-155,1983-155-01,1983-155-01-01,1983-155-01-01-01,7/2/84,1,468 U.S. 364,104 S. Ct. 3106,82 L. Ed. 2d 278,1984 U.S. LEXIS 139,1983,1507,Burger,82-912,FEDERAL COMMUNICATIONS COMMISSION v. LEAGUE OF WOMEN VOTERS OF CALIFORNIA et al.,1/16/84,,338,,211,,2,,,0,48,,48,,0,1,,2,2,2,0,0,0,0,2,0,1,,6,600,47 U.S.C. § 399,92,92,1,5,4
1983-155,1983-155-01,1983-155-01-02,1983-155-01-02-01,7/2/84,1,468 U.S. 364,104 S. Ct. 3106,82 L. Ed. 2d 278,1984 U.S. LEXIS 139,1983,1507,Burger,82-912,FEDERAL COMMUNICATIONS COMMISSION v. LEAGUE OF WOMEN VOTERS OF CALIFORNIA et al.,1/16/84,,338,,211,,2,,,0,48,,48,,0,1,,2,2,2,0,0,0,0,2,0,1,,2,200,,92,92,1,5,4
1983-162,1983-162-01,1983-162-01-01,1983-162-01-01-01,7/3/84,1,468 U.S. 609,104 S. Ct. 3244,82 L. Ed. 2d 462,1984 U.S. LEXIS 146,1983,1507,Burger,83-724,"ROBERTS, ACTING COMMISSIONER, MINNESOTA DEPARTMENT OF HUMAN RIGHTS, et al. v. UNITED STATES JAYCEES",4/18/84,,19,28,131,,2,117,28,0,83,,28,,1,1,3,2,1,3,0,1,0,0,1,0,2,,2,201,,92,92,1,7,0
1983-163,1983-163-01,1983-163-01-01,1983-163-01-01-01,7/3/84,1,468 U.S. 641,104 S. Ct. 3262,82 L. Ed. 2d 487,1984 U.S. LEXIS 147,1983,1507,Burger,82-729,"REGAN, SECRETARY OF THE TREASURY, et al. v. TIME, INC.",11/9/83,,408,,178,,2,,,0,96,,96,,0,1,,2,2,3,0,1,0,0,1,0,1,,2,200,,95,99,1,5,4
1983-163,1983-163-01,1983-163-01-02,1983-163-01-02-01,7/3/84,1,468 U.S. 641,104 S. Ct. 3262,82 L. Ed. 2d 487,1984 U.S. LEXIS 147,1983,1507,Burger,82-729,"REGAN, SECRETARY OF THE TREASURY, et al. v. TIME, INC.",11/9/83,,408,,178,,2,,,0,96,,96,,0,1,,2,2,3,0,1,0,0,2,0,1,,6,600,18 U.S.C. § 474,95,99,1,8,1
1984-063,1984-063-01,1984-063-01-01,1984-063-01-01-01,3/26/85,5,470 U.S. 903,105 S. Ct. 1858,84 L. Ed. 2d 776,1985 U.S. LEXIS 1524,1984,1507,Burger,83-2030,BOARD OF EDUCATION OF OKLAHOMA CITY v. NATIONAL GAY TASK FORCE,1/14/85,,21,42,162,,1,117,42,0,107,,30,,1,,,2,3,2,0,0,0,0,2,0,3,,,,,,,1,4,4
1984-168,1984-168-01,1984-168-01-01,1984-168-01-01-01,7/2/85,1,473 U.S. 788,105 S. Ct. 3439,87 L. Ed. 2d 567,1985 U.S. LEXIS 133,1984,1507,Burger,84-312,"CORNELIUS, ACTING DIRECTOR, OFFICE OF PERSONNEL MANAGEMENT v. NAACP LEGAL DEFENSE AND EDUCATIONAL FUND, INC., et al.",2/19/85,,390,,207,,1,,,0,55,,32,,1,12,2,2,1,4,0,1,0,0,1,0,1,,2,200,,104,99,1,4,3
1984-168,1984-168-01,1984-168-01-02,1984-168-01-02-01,7/2/85,1,473 U.S. 788,105 S. Ct. 3439,87 L. Ed. 2d 567,1985 U.S. LEXIS 133,1984,1507,Burger,84-312,"CORNELIUS, ACTING DIRECTOR, OFFICE OF PERSONNEL MANAGEMENT v. NAACP LEGAL DEFENSE AND EDUCATIONAL FUND, INC., et al.",2/19/85,,390,,207,,1,,,0,55,,32,,1,12,2,2,1,4,0,1,0,0,1,0,1,,5,511,,104,99,1,4,3
1985-095,1985-095-01,1985-095-01-01,1985-095-01-01-01,6/2/86,1,476 U.S. 488,106 S. Ct. 2034,90 L. Ed. 2d 480,1986 U.S. LEXIS 81,1985,1507,Burger,85-390,"CITY OF LOS ANGELES et al. v. PREFERRED COMMUNICATIONS, INC.",4/29/86,,3,6,124,,1,117,6,0,48,,29,,0,11,7,2,1,2,0,0,0,0,2,0,2,,2,200,,102,99,1,9,0
1985-141,1985-141-01,1985-141-01-01,1985-141-01-01-01,6/30/86,1,478 U.S. 1,106 S. Ct. 2735,92 L. Ed. 2d 1,1986 U.S. LEXIS 120,1985,1507,Burger,84-1560,PRESS-ENTERPRISE CO. v. SUPERIOR COURT OF CALIFORNIA FOR THE COUNTY OF RIVERSIDE,2/26/86,,220,,6,6,1,,,0,302,6,300,6,0,11,2,1,1,3,0,1,0,0,2,0,2,,2,200,,99,99,1,7,2
1985-160,1985-160-01,1985-160-01-01,1985-160-01-01-01,7/7/86,1,478 U.S. 675,106 S. Ct. 3159,92 L. Ed. 2d 549,1986 U.S. LEXIS 139,1985,1507,Burger,84-1667,"BETHEL SCHOOL DISTRICT NO. 403 et al. v. FRASER, A MINOR, et al.",3/3/86,,21,56,239,,1,117,56,0,129,,29,,0,11,2,2,1,3,0,1,0,0,1,0,2,,2,200,,99,99,1,7,2
1985-160,1985-160-01,1985-160-01-02,1985-160-01-02-01,7/7/86,1,478 U.S. 675,106 S. Ct. 3159,92 L. Ed. 2d 549,1986 U.S. LEXIS 139,1985,1507,Burger,84-1667,"BETHEL SCHOOL DISTRICT NO. 403 et al. v. FRASER, A MINOR, et al.",3/3/86,,21,56,239,,1,117,56,0,129,,29,,0,11,2,2,1,3,0,1,0,0,1,0,2,,2,230,,99,99,1,7,2
1985-161,1985-161-01,1985-161-01-01,1985-161-01-01-01,7/7/86,1,478 U.S. 697,106 S. Ct. 3172,92 L. Ed. 2d 568,1986 U.S. LEXIS 140,1985,1507,Burger,85-437,"ARCARA, DISTRICT ATTORNEY OF ERIE COUNTY v. CLOUD BOOKS, INC., DBA VILLAGE BOOK & NEWS STORE, et al.",4/29/86,,28,37,117,,1,,,0,302,37,300,37,0,6,3,2,1,3,0,1,0,0,1,0,2,,2,200,,99,99,1,6,3
1986-075,1986-075-01,1986-075-01-02,1986-075-01-02-01,4/22/87,1,481 U.S. 221,107 S. Ct. 1722,95 L. Ed. 2d 209,1987 U.S. LEXIS 1815,1986,1601,Rehnquist,85-1370,"ARKANSAS WRITERS' PROJECT, INC. v. RAGLAND, COMMISSIONER OF REVENUE OF ARKANSAS",1/20/87,,220,,19,5,2,117,5,0,302,5,300,5,0,1,3,2,3,4,0,1,0,0,2,0,2,,2,200,,98,92,1,7,2
1986-087,1986-087-01,1986-087-01-01,1986-087-01-01-01,4/28/87,1,481 U.S. 465,107 S. Ct. 1862,95 L. Ed. 2d 415,1987 U.S. LEXIS 1930,1986,1601,Rehnquist,85-1180,"MEESE, ATTORNEY GENERAL OF THE UNITED STATES, et al. v. KEENE",12/2/86,,1,,156,,2,27,,0,49,,49,,0,1,,2,1,4,0,1,0,0,1,0,1,,6,600,22 U.S.C. § 611,103,102,1,5,3
1986-087,1986-087-01,1986-087-01-03,1986-087-01-03-01,4/28/87,1,481 U.S. 465,107 S. Ct. 1862,95 L. Ed. 2d 415,1987 U.S. LEXIS 1930,1986,1601,Rehnquist,85-1180,"MEESE, ATTORNEY GENERAL OF THE UNITED STATES, et al. v. KEENE",12/2/86,,1,,156,,2,27,,0,49,,49,,0,1,,2,1,4,0,1,0,0,1,0,1,,2,200,,103,102,1,5,3
1986-090,1986-090-01,1986-090-01-02,1986-090-01-02-01,5/4/87,1,481 U.S. 537,107 S. Ct. 1940,95 L. Ed. 2d 474,1987 U.S. LEXIS 5218,1986,1601,Rehnquist,86-421,BOARD OF DIRECTORS OF ROTARY INTERNATIONAL et al. v. ROTARY CLUB OF DUARTE et al.,3/30/87,,131,,131,,2,,,0,302,6,301,6,0,1,3,2,1,2,0,0,0,0,1,0,2,,2,201,,101,102,1,7,0
1986-110,1986-110-01,1986-110-01-01,1986-110-01-01-01,6/1/87,1,482 U.S. 78,107 S. Ct. 2254,96 L. Ed. 2d 64,1987 U.S. LEXIS 2362,1986,1601,Rehnquist,85-1384,TURNER et al. v. SAFLEY et al.,1/13/87,,28,30,215,,1,117,30,0,87,,28,,0,12,2,2,1,7,0,1,0,0,1,0,2,,2,200,,104,102,1,5,4
1986-129,1986-129-01,1986-129-01-01,1986-129-01-01-01,6/15/87,1,482 U.S. 569,107 S. Ct. 2568,96 L. Ed. 2d 500,1987 U.S. LEXIS 2619,1986,1601,Rehnquist,86-104,"BOARD OF AIRPORT COMMISSIONERS OF THE CITY OF LOS ANGELES et al. v. JEWS FOR JESUS, INC., et al.",3/3/87,,3,6,130,,1,117,6,0,48,,29,,0,12,2,2,4,2,0,0,0,0,2,0,2,,2,200,,104,102,1,9,0
1986-151,1986-151-01,1986-151-01-01,1986-151-01-01-01,6/24/87,1,483 U.S. 378,107 S. Ct. 2891,97 L. Ed. 2d 315,1987 U.S. LEXIS 2875,1986,1601,Rehnquist,85-2068,RANKIN et al. v. MCPHERSON,3/23/87,,19,51,11,51,1,,,0,121,,25,,0,12,4,2,1,2,0,0,0,0,2,0,2,,2,200,,98,92,1,5,4
1986-155,1986-155-01,1986-155-01-01,1986-155-01-01-01,6/25/87,1,483 U.S. 522,107 S. Ct. 2971,97 L. Ed. 2d 427,1987 U.S. LEXIS 2895,1986,1601,Rehnquist,86-270,"SAN FRANCISCO ARTS & ATHLETICS, INC., et al. v. UNITED STATES OLYMPIC COMMITTEE et al.",3/24/87,,162,,122,,1,117,6,0,50,,29,,1,11,2,1,1,2,0,0,0,1,1,0,4,1,6,600,36 U.S.C. § 380,101,102,1,5,4
1986-155,1986-155-01,1986-155-01-02,1986-155-01-02-01,6/25/87,1,483 U.S. 522,107 S. Ct. 2971,97 L. Ed. 2d 427,1987 U.S. LEXIS 2895,1986,1601,Rehnquist,86-270,"SAN FRANCISCO ARTS & ATHLETICS, INC., et al. v. UNITED STATES OLYMPIC COMMITTEE et al.",3/24/87,,162,,122,,1,117,6,0,50,,29,,1,11,2,1,1,2,0,0,0,1,1,0,4,,6,600,15 U.S.C. § 1051,101,102,1,5,4
1986-155,1986-155-01,1986-155-01-03,1986-155-01-03-01,6/25/87,1,483 U.S. 522,107 S. Ct. 2971,97 L. Ed. 2d 427,1987 U.S. LEXIS 2895,1986,1601,Rehnquist,86-270,"SAN FRANCISCO ARTS & ATHLETICS, INC., et al. v. UNITED STATES OLYMPIC COMMITTEE et al.",3/24/87,,162,,122,,1,117,6,0,50,,29,,1,11,2,1,1,2,0,0,0,1,1,0,1,,2,200,,101,102,1,5,4
1986-155,1986-155-01,1986-155-01-04,1986-155-01-04-01,6/25/87,1,483 U.S. 522,107 S. Ct. 2971,97 L. Ed. 2d 427,1987 U.S. LEXIS 2895,1986,1601,Rehnquist,86-270,"SAN FRANCISCO ARTS & ATHLETICS, INC., et al. v. UNITED STATES OLYMPIC COMMITTEE et al.",3/24/87,,162,,122,,1,117,6,0,50,,29,,1,11,2,1,1,2,0,0,0,1,1,0,1,,2,212,,101,102,1,5,4
1987-019,1987-019-01,1987-019-01-01,1987-019-01-01-01,1/13/88,1,484 U.S. 260,108 S. Ct. 562,98 L. Ed. 2d 592,1988 U.S. LEXIS 310,1987,1602,Rehnquist,86-836,HAZELWOOD SCHOOL DISTRICT et al. v. KUHLMEIER et al.,10/13/87,,21,30,239,,1,,,0,86,,28,,1,12,3,2,1,3,0,1,0,0,1,0,2,,2,200,,95,102,1,5,3
1987-102,1987-102-01,1987-102-01-01,1987-102-01-01-01,6/6/88,1,486 U.S. 414,108 S. Ct. 1886,100 L. Ed. 2d 425,1988 U.S. LEXIS 2489,1987,1603,Rehnquist,87-920,"MEYER, COLORADO SECRETARY OF STATE, et al. v. GRANT et al.",4/25/88,,19,7,207,,1,117,7,0,52,,30,,1,12,3,2,3,2,0,0,0,0,2,0,2,,2,200,,103,102,1,9,0
1987-118,1987-118-01,1987-118-01-01,1987-118-01-01-01,6/17/88,1,486 U.S. 750,108 S. Ct. 2138,100 L. Ed. 2d 771,1988 U.S. LEXIS 2863,1987,1603,Rehnquist,86-1042,CITY OF LAKEWOOD v. PLAIN DEALER PUBLISHING CO.,11/4/87,,3,41,190,,2,,,0,103,,26,,0,1,3,2,4,2,1,0,0,0,2,0,2,,2,200,,92,92,1,4,3
1987-144,1987-144-01,1987-144-01-01,1987-144-01-01-01,6/27/88,1,487 U.S. 474,108 S. Ct. 2495,101 L. Ed. 2d 420,1988 U.S. LEXIS 3026,1987,1603,Rehnquist,87-168,FRISBY et al. v. SCHULTZ et al.,4/20/88,,211,,218,,1,,,0,132,,27,,1,12,2,2,1,3,0,1,0,0,1,0,2,,2,200,,104,102,1,6,3
1987-151,1987-151-01,1987-151-01-01,1987-151-01-01-01,6/29/88,1,487 U.S. 781,108 S. Ct. 2667,101 L. Ed. 2d 669,1988 U.S. LEXIS 3031,1987,1603,Rehnquist,87-328,"RILEY, DISTRICT ATTORNEY OF THE TENTH PROSECUTORIAL DISTRICT OF NORTH CAROLINA, et al. v. NATIONAL FEDERATION OF THE BLIND OF NORTH CAROLINA, INC., et al.",3/23/88,,28,38,149,,2,,,0,98,,24,,0,1,2,2,3,2,0,0,0,0,2,0,2,,2,200,,92,92,1,7,2
1988-038,1988-038-01,1988-038-01-01,1988-038-01-01-01,2/22/89,1,489 U.S. 214,109 S. Ct. 1013,103 L. Ed. 2d 271,1989 U.S. LEXIS 1042,1988,1603,Rehnquist,87-1269,"EU, SECRETARY OF STATE OF CALIFORNIA, et al. v. SAN FRANCISCO COUNTY DEMOCRATIC CENTRAL COMMITTEE et al.",12/5/88,,28,6,211,,2,,,0,156,,29,,0,1,2,2,3,2,0,0,0,0,2,0,2,,2,200,,98,92,1,8,0
1988-038,1988-038-01,1988-038-01-02,1988-038-01-02-01,2/22/89,1,489 U.S. 214,109 S. Ct. 1013,103 L. Ed. 2d 271,1989 U.S. LEXIS 1042,1988,1603,Rehnquist,87-1269,"EU, SECRETARY OF STATE OF CALIFORNIA, et al. v. SAN FRANCISCO COUNTY DEMOCRATIC CENTRAL COMMITTEE et al.",12/5/88,,28,6,211,,2,,,0,156,,29,,0,1,2,2,3,2,0,0,0,0,2,0,2,,2,201,,98,92,1,8,0
1988-067,1988-067-01,1988-067-01-01,1988-067-01-01-01,4/3/89,1,490 U.S. 19,109 S. Ct. 1591,104 L. Ed. 2d 18,1989 U.S. LEXIS 1751,1988,1603,Rehnquist,87-1848,"CITY OF DALLAS et al. v. STANGLIN, INDIVIDUALLY AND DBA TWILIGHT SKATING RINK",3/1/89,,3,51,109,,1,,,0,302,51,301,51,0,12,6,2,1,4,0,1,0,0,1,0,2,,2,201,,102,102,1,9,0
1988-067,1988-067-01,1988-067-01-02,1988-067-01-02-01,4/3/89,1,490 U.S. 19,109 S. Ct. 1591,104 L. Ed. 2d 18,1989 U.S. LEXIS 1751,1988,1603,Rehnquist,87-1848,"CITY OF DALLAS et al. v. STANGLIN, INDIVIDUALLY AND DBA TWILIGHT SKATING RINK",3/1/89,,3,51,109,,1,,,0,302,51,301,51,0,12,6,2,1,4,0,1,0,0,1,0,2,,2,231,,102,102,1,9,0
1988-085,1988-085-01,1988-085-01-01,1988-085-01-01-01,5/15/89,1,490 U.S. 401,109 S. Ct. 1874,104 L. Ed. 2d 459,1989 U.S. LEXIS 2437,1988,1603,Rehnquist,87-1344,"THORNBURGH, ATTORNEY GENERAL OF THE UNITED STATES, et al. v. ABBOTT et al.",11/8/88,,1,,215,,1,36,,0,55,,32,,0,11,3,2,1,5,0,1,1,0,1,0,1,,2,200,,100,102,1,6,3
1988-135,1988-135-01,1988-135-01-01,1988-135-01-01-01,6/22/89,1,491 U.S. 781,109 S. Ct. 2746,105 L. Ed. 2d 661,1989 U.S. LEXIS 3129,1988,1603,Rehnquist,88-226,WARD et al. v. ROCK AGAINST RACISM,2/27/89,,19,37,207,,1,,,0,96,,22,,0,11,3,2,1,3,0,1,0,0,1,0,2,,2,200,,106,102,1,6,3
1989-014,1989-014-01,1989-014-01-01,1989-014-01-01-01,1/9/90,1,493 U.S. 182,110 S. Ct. 577,107 L. Ed. 2d 571,1990 U.S. LEXIS 333,1989,1603,Rehnquist,88-493,UNIVERSITY OF PENNSYLVANIA v. EQUAL EMPLOYMENT OPPORTUNITY COMMISSION,11/7/89,,232,,332,,1,32,,0,109,,23,,0,3,2,1,1,2,0,0,0,0,1,0,2,,2,200,,100,102,1,9,0
1989-014,1989-014-01,1989-014-01-02,1989-014-01-02-01,1/9/90,1,493 U.S. 182,110 S. Ct. 577,107 L. Ed. 2d 571,1990 U.S. LEXIS 333,1989,1603,Rehnquist,88-493,UNIVERSITY OF PENNSYLVANIA v. EQUAL EMPLOYMENT OPPORTUNITY COMMISSION,11/7/89,,232,,332,,1,32,,0,109,,23,,0,3,2,1,1,2,0,0,0,0,1,0,4,,4,402,,100,102,1,9,0
1989-016,1989-016-01,1989-016-01-01,1989-016-01-01-01,1/10/90,1,493 U.S. 215,110 S. Ct. 596,107 L. Ed. 2d 603,1990 U.S. LEXIS 334,1989,1603,Rehnquist,87-2012,"FW/PBS, INC., DBA PARIS ADULT BOOKSTORE II, et al. v. CITY OF DALLAS et al.",10/4/89,,117,,3,51,1,,,0,120,,25,,0,12,2,1,4,7,0,1,0,0,2,0,1,,1,139,,104,92,1,6,3
1989-016,1989-016-02,1989-016-02-01,1989-016-02-01-01,1/10/90,1,493 U.S. 215,110 S. Ct. 596,107 L. Ed. 2d 603,1990 U.S. LEXIS 334,1989,1603,Rehnquist,87-2051,"M. J. R., INC., et al. v. CITY OF DALLAS",10/4/89,,109,,3,51,1,,,0,120,,25,,0,12,2,1,4,7,0,1,0,0,2,0,1,,1,139,,104,92,1,6,3
1989-016,1989-016-03,1989-016-03-01,1989-016-03-01-01,1/10/90,1,493 U.S. 215,110 S. Ct. 596,107 L. Ed. 2d 603,1990 U.S. LEXIS 334,1989,1603,Rehnquist,88-49,BERRY et al. v. CITY OF DALLAS et al.,10/4/89,,122,,3,51,1,,,0,120,,25,,0,12,2,2,4,7,0,0,0,0,2,0,1,,1,139,,104,92,1,6,3
1989-016,1989-016-03,1989-016-03-02,1989-016-03-02-01,1/10/90,1,493 U.S. 215,110 S. Ct. 596,107 L. Ed. 2d 603,1990 U.S. LEXIS 334,1989,1603,Rehnquist,88-49,BERRY et al. v. CITY OF DALLAS et al.,10/4/89,,122,,3,51,1,,,0,120,,25,,0,12,2,2,4,7,0,0,0,0,2,0,2,,2,200,,104,92,1,6,3
1989-016,1989-016-03,1989-016-03-03,1989-016-03-03-01,1/10/90,1,493 U.S. 215,110 S. Ct. 596,107 L. Ed. 2d 603,1990 U.S. LEXIS 334,1989,1603,Rehnquist,88-49,BERRY et al. v. CITY OF DALLAS et al.,10/4/89,,122,,3,51,1,,,0,120,,25,,0,12,2,2,4,7,0,0,0,0,2,0,2,,2,200,,104,92,1,6,3
1989-016,1989-016-03,1989-016-03-04,1989-016-03-04-01,1/10/90,1,493 U.S. 215,110 S. Ct. 596,107 L. Ed. 2d 603,1990 U.S. LEXIS 334,1989,1603,Rehnquist,88-49,BERRY et al. v. CITY OF DALLAS et al.,10/4/89,,122,,3,51,1,,,0,120,,25,,0,12,2,2,4,7,0,0,0,0,2,0,2,,2,200,,104,92,1,6,3
1989-016,1989-016-03,1989-016-03-05,1989-016-03-05-01,1/10/90,1,493 U.S. 215,110 S. Ct. 596,107 L. Ed. 2d 603,1990 U.S. LEXIS 334,1989,1603,Rehnquist,88-49,BERRY et al. v. CITY OF DALLAS et al.,10/4/89,,122,,3,51,1,,,0,120,,25,,0,12,2,2,4,7,0,0,0,0,2,0,2,,2,201,,104,92,1,6,3
1989-016,1989-016-03,1989-016-03-06,1989-016-03-06-01,1/10/90,1,493 U.S. 215,110 S. Ct. 596,107 L. Ed. 2d 603,1990 U.S. LEXIS 334,1989,1603,Rehnquist,88-49,BERRY et al. v. CITY OF DALLAS et al.,10/4/89,,122,,3,51,1,,,0,120,,25,,0,12,2,2,4,7,0,0,0,0,2,0,2,,2,201,,104,92,1,6,3
1989-016,1989-016-03,1989-016-03-07,1989-016-03-07-01,1/10/90,1,493 U.S. 215,110 S. Ct. 596,107 L. Ed. 2d 603,1990 U.S. LEXIS 334,1989,1603,Rehnquist,88-49,BERRY et al. v. CITY OF DALLAS et al.,10/4/89,,122,,3,51,1,,,0,120,,25,,0,12,2,2,4,7,0,0,0,0,2,0,2,,2,201,,104,92,1,6,3
1989-053,1989-053-01,1989-053-01-01,1989-053-01-01-01,3/21/90,1,494 U.S. 624,110 S. Ct. 1376,108 L. Ed. 2d 572,1990 U.S. LEXIS 1533,1989,1603,Rehnquist,88-1993,"BUTTERWORTH, ATTORNEY GENERAL OF FLORIDA, et al. v. SMITH",1/16/90,,28,12,254,,1,,,0,56,,31,,0,12,3,2,3,2,0,0,0,0,2,0,2,,2,200,,102,102,1,9,0
1989-093,1989-093-01,1989-093-01-01,1989-093-01-01-01,6/4/90,1,496 U.S. 1,110 S. Ct. 2228,110 L. Ed. 2d 1,1990 U.S. LEXIS 2862,1989,1603,Rehnquist,88-1905,"EDDIE KELLER, et al. v. STATE BAR OF CALIFORNIA, et al.",2/27/90,,111,,7,6,1,,,0,302,6,300,6,1,11,3,1,1,4,0,1,0,0,2,0,2,,2,200,,102,102,1,9,0
1989-120,1989-120-01,1989-120-01-01,1989-120-01-01-01,6/21/90,1,497 U.S. 62,110 S. Ct. 2729,111 L. Ed. 2d 52,1990 U.S. LEXIS 3298,1989,1603,Rehnquist,88-1872,RUTAN et al. v. REPUBLICAN PARTY OF ILLINOIS et al.,1/16/90,,8,17,211,,1,,,0,65,,27,,0,10,7,1,1,7,0,1,0,0,2,0,2,,2,200,,92,92,1,5,4
1989-120,1989-120-02,1989-120-02-01,1989-120-02-01-01,6/21/90,1,497 U.S. 62,110 S. Ct. 2729,111 L. Ed. 2d 52,1990 U.S. LEXIS 3298,1989,1603,Rehnquist,88-2074,FRECH et al. v. RUTAN et al.,1/16/90,,211,,8,17,1,,,0,65,,27,,0,10,7,2,1,7,0,0,0,0,2,0,2,,2,200,,92,92,1,5,4
1989-138,1989-138-01,1989-138-01-01,1989-138-01-01-01,6/27/90,7,497 U.S. 720,110 S. Ct. 3115,111 L. Ed. 2d 571,1990 U.S. LEXIS 3460,1989,1603,Rehnquist,88-2031,UNITED STATES v. KOKINDA et al.,2/26/90,,27,,218,,1,,,0,79,,24,,1,2,3,2,1,3,0,1,0,0,1,0,1,,2,200,,104,102,1,5,4
1990-058,1990-058-01,1990-058-01-01,1990-058-01-01-01,4/16/91,1,499 U.S. 439,111 S. Ct. 1438,113 L. Ed. 2d 494,1991 U.S. LEXIS 2220,1990,1604,Rehnquist,90-29,"LEATHERS, COMMISSIONER OF REVENUES OF ARKANSAS v. MEDLOCK et al.",1/9/91,,19,5,124,,1,,,0,302,5,300,5,0,11,4,2,1,7,0,1,0,0,1,0,2,,2,200,,104,102,1,7,2
1990-058,1990-058-02,1990-058-02-01,1990-058-02-01-01,4/16/91,1,499 U.S. 439,111 S. Ct. 1438,113 L. Ed. 2d 494,1991 U.S. LEXIS 2220,1990,1604,Rehnquist,90-38,"MEDDLOCK et al. v. LEATHERS, COMMISSIONER OF REVENUE OF ARKANSAS, et al.",1/9/91,,124,,19,5,1,,,0,302,5,300,5,0,11,4,1,1,7,0,0,0,0,1,0,2,,2,200,,104,102,1,7,2
1990-120,1990-120-01,1990-120-01-01,1990-120-01-01-01,6/24/91,1,501 U.S. 663,111 S. Ct. 2513,115 L. Ed. 2d 586,1991 U.S. LEXIS 3639,1990,1604,Rehnquist,90-634,"COHEN v. COWLES MEDIA CO., DBA MINNEAPOLIS STAR & TRIBUNE CO., et al.",3/27/91,,211,,190,,1,,,0,302,28,300,28,1,11,6,2,1,4,0,1,0,0,1,0,2,,2,200,,95,102,1,5,4
1990-129,1990-129-01,1990-129-01-01,1990-129-01-01-01,6/27/91,1,501 U.S. 1030,111 S. Ct. 2720,115 L. Ed. 2d 888,1991 U.S. LEXIS 3820,1990,1604,Rehnquist,89-1836,DOMINIC P. GENTILE v. STATE BAR OF NEVADA,4/15/91,,111,,216,,1,117,33,0,300,33,300,33,0,12,2,1,3,3,0,1,0,0,2,0,2,,2,200,,106,98,1,5,4
1990-129,1990-129-01,1990-129-01-02,1990-129-01-02-01,6/27/91,1,501 U.S. 1030,111 S. Ct. 2720,115 L. Ed. 2d 888,1991 U.S. LEXIS 3820,1990,1604,Rehnquist,89-1836,DOMINIC P. GENTILE v. STATE BAR OF NEVADA,4/15/91,,111,,216,,1,117,33,0,300,33,300,33,0,12,2,1,3,3,0,1,0,0,2,0,4,,8,800,,,98,1,5,4
1991-011,1991-011-01,1991-011-01-01,1991-011-01-01-01,12/10/91,1,502 U.S. 105,112 S. Ct. 501,116 L. Ed. 2d 476,1991 U.S. LEXIS 7172,1991,1605,Rehnquist,90-1059,"SIMON & SCHUSTER, INC. v. MEMBERS OF THE NEW YORK STATE CRIME VICTIMS BOARD, et al.",10/15/91,,220,,4,37,1,117,37,0,96,,22,,1,10,2,1,3,3,0,1,0,0,2,0,2,,2,200,,104,102,1,8,0
1991-041,1991-041-01,1991-041-01-01,1991-041-01-01-01,3/9/92,1,503 U.S. 159,112 S. Ct. 1093,117 L. Ed. 2d 309,1992 U.S. LEXIS 1536,1991,1605,Rehnquist,90-6704,DAVID DAWSON v. DELAWARE,11/12/91,,126,,28,9,1,,,0,302,9,300,9,0,11,2,1,1,5,0,1,0,0,2,0,2,,2,201,,102,102,1,8,1
1991-074,1991-074-01,1991-074-01-01,1991-074-01-01-01,5/26/92,7,504 U.S. 191,112 S. Ct. 1846,119 L. Ed. 2d 5,1992 U.S. LEXIS 3125,1991,1605,Rehnquist,90-1056,"CHARLES W. BURSON, ATTORNEY GENERAL AND REPORTER FOR TENNESSEE v. MARY REBECCA FREEMAN",10/8/91,,19,50,211,,1,,,0,302,50,300,50,1,10,3,2,1,4,0,1,0,0,1,0,2,,2,200,,100,102,1,5,3
1991-098,1991-098-01,1991-098-01-01,1991-098-01-01-01,6/19/92,1,505 U.S. 123,112 S. Ct. 2395,120 L. Ed. 2d 101,1992 U.S. LEXIS 3692,1991,1605,Rehnquist,91-538,"FORSYTH COUNTY, GEORGIA v. THE NATIONALIST MOVEMENT",3/31/92,,5,13,211,,1,117,13,0,60,,31,,1,2,3,2,4,2,0,0,0,0,2,0,2,4,2,200,,100,100,1,5,4
1991-098,1991-098-01,1991-098-01-02,1991-098-01-02-01,6/19/92,1,505 U.S. 123,112 S. Ct. 2395,120 L. Ed. 2d 101,1992 U.S. LEXIS 3692,1991,1605,Rehnquist,91-538,"FORSYTH COUNTY, GEORGIA v. THE NATIONALIST MOVEMENT",3/31/92,,5,13,211,,1,117,13,0,60,,31,,1,2,3,2,4,2,0,0,0,0,2,0,2,4,8,800,,,,1,5,4
1991-112,1991-112-01,1991-112-01-01,1991-112-01-01-01,6/26/92,1,505 U.S. 672,112 S. Ct. 2701,120 L. Ed. 2d 541,1992 U.S. LEXIS 4532,1991,1605,Rehnquist,91-155,"INTERNATIONAL SOCIETY FOR KRISHNA CONSCIOUSNESS, INC., AND BRIAN RUMBAUGH v. WALTER LEE",3/25/92,,130,,15,,1,65,,0,96,,22,,1,2,6,1,1,2,0,0,0,0,1,0,2,,2,200,,102,102,1,6,3
1991-116,1991-116-01,1991-116-01-01,1991-116-01-01-01,6/26/92,6,505 U.S. 830,112 S. Ct. 2709,120 L. Ed. 2d 669,1992 U.S. LEXIS 4535,1991,1605,Rehnquist,91-339,"WALTER LEE, SUPERINTENDENT OF PORT AUTHORITY POLICE v. INTERNATIONAL SOCIETY FOR KRISHNA CONSCIOUSNESS, INC., et al.",3/25/92,,15,,130,,1,65,,0,96,,22,,1,2,2,2,4,2,0,0,0,0,2,0,2,,2,200,,,102,1,5,4
1992-073,1992-073-01,1992-073-01-01,1992-073-01-01-01,5/17/93,2,508 U.S. 147,113 S. Ct. 2004,124 L. Ed. 2d 60,1993 U.S. LEXIS 3191,1992,1605,Rehnquist,92-949,"EL VOCERO DE PUERTO RICO (CARIBBEAN INTERNATIONAL NEWS CORP.), et al. v. PUERTO RICO, et al.",,,226,,28,46,1,,,0,302,46,300,46,1,12,2,1,3,3,0,1,0,0,2,0,2,,2,200,,,102,1,9,0
1992-091,1992-091-01,1992-091-01-01,1992-091-01-01-01,6/11/93,1,508 U.S. 476,113 S. Ct. 2194,124 L. Ed. 2d 436,1993 U.S. LEXIS 4024,1992,1605,Rehnquist,92-515,WISCONSIN v. TODD MITCHELL,4/21/93,,28,58,100,,1,,,0,302,58,300,58,1,6,3,2,1,4,0,1,0,0,1,0,2,,2,200,,102,102,1,9,0
1993-059,1993-059-01,1993-059-01-01,1993-059-01-01-01,5/31/94,7,511 U.S. 661,114 S. Ct. 1878,128 L. Ed. 2d 686,1994 U.S. LEXIS 4104,1993,1606,Rehnquist,92-1450,"CYNTHIA WATERS, et al. v. CHERYL R. CHURCHILL, et al.",12/1/93,,167,,9,17,1,,,0,65,,27,,0,2,3,2,1,5,0,1,0,0,1,0,1,,2,200,,104,102,1,7,2
1993-068,1993-068-01,1993-068-01-01,1993-068-01-01-01,6/13/94,1,512 U.S. 43,114 S. Ct. 2038,129 L. Ed. 2d 36,1994 U.S. LEXIS 4448,1993,1606,Rehnquist,92-1856,"CITY OF LADUE, et al. v. MARGARET P. GILLEO",2/23/94,,3,30,195,,1,,,0,86,,28,,0,12,2,2,4,2,0,0,0,0,2,0,2,,2,200,,103,103,1,9,0
1993-089,1993-089-01,1993-089-01-01,1993-089-01-01-01,6/27/94,1,512 U.S. 622,114 S. Ct. 2445,129 L. Ed. 2d 497,1994 U.S. LEXIS 4831,1993,1606,Rehnquist,93-44,"TURNER BROADCASTING SYSTEM, INC., et al. v. FEDERAL COMMUNICATIONS COMMISSION et al.",1/12/94,,124,,338,,2,,,1,55,,55,,1,1,,2,1,5,0,1,0,0,1,0,1,,6,600,47 U.S.C. § 534,106,102,1,5,4
1993-089,1993-089-01,1993-089-01-02,1993-089-01-02-01,6/27/94,1,512 U.S. 622,114 S. Ct. 2445,129 L. Ed. 2d 497,1994 U.S. LEXIS 4831,1993,1606,Rehnquist,93-44,"TURNER BROADCASTING SYSTEM, INC., et al. v. FEDERAL COMMUNICATIONS COMMISSION et al.",1/12/94,,124,,338,,2,,,1,55,,55,,1,1,,2,1,5,0,1,0,0,1,0,1,,2,200,,106,102,1,5,4
1994-021,1994-021-01,1994-021-01-01,1994-021-01-01-01,2/21/95,1,513 U.S. 374,115 S. Ct. 961,130 L. Ed. 2d 902,1995 U.S. LEXIS 909,1994,1607,Rehnquist,93-1525,MICHAEL A. LEBRON v. NATIONAL RAILROAD PASSENGER CORPORATION,11/7/94,,156,,108,,1,,,0,96,,22,,1,12,3,1,1,4,0,1,0,0,2,0,1,,2,200,,105,102,1,8,1
1994-024,1994-024-01,1994-024-01-01,1994-024-01-01-01,2/22/95,1,513 U.S. 454,115 S. Ct. 1003,130 L. Ed. 2d 964,1995 U.S. LEXIS 1624,1994,1607,Rehnquist,93-1170,"UNITED STATES, et al. v. NATIONAL TREASURY EMPLOYEES UNION et al.",11/8/94,,27,,249,,1,,,0,55,,32,,1,12,2,2,2,7,0,0,0,0,2,0,1,,2,200,,103,103,1,6,3
1994-024,1994-024-01,1994-024-01-02,1994-024-01-02-01,2/22/95,1,513 U.S. 454,115 S. Ct. 1003,130 L. Ed. 2d 964,1995 U.S. LEXIS 1624,1994,1607,Rehnquist,93-1170,"UNITED STATES, et al. v. NATIONAL TREASURY EMPLOYEES UNION et al.",11/8/94,,27,,249,,1,,,0,55,,32,,1,12,2,2,2,7,0,0,0,0,2,0,1,,6,600,5 U.S.C. § 501,103,103,1,6,3
1994-045,1994-045-01,1994-045-01-01,1994-045-01-01-01,4/19/95,1,514 U.S. 334,115 S. Ct. 1511,131 L. Ed. 2d 426,1995 U.S. LEXIS 2847,1994,1607,Rehnquist,93-986,"JOSEPH MCINTYRE, EXECUTOR OF ESTATE OF MARGARET MCINTYRE, DECEASED v. OHIO ELECTIONS COMMISSION",10/12/94,,218,,4,41,1,117,41,0,302,41,300,41,1,10,2,1,3,3,0,1,0,0,2,0,2,,2,200,,103,103,1,7,2
1995-088,1995-088-01,1995-088-01-01,1995-088-01-01-01,6/28/96,1,518 U.S. 668,116 S. Ct. 2342,135 L. Ed. 2d 843,1996 U.S. LEXIS 4262,1995,1607,Rehnquist,94-1654,BD. OF COUNTY COMM'RS v. UMBEHR,11/28/95,,5,20,176,,1,,,0,72,,30,,0,2,4,2,1,2,0,0,0,0,2,0,2,,2,200,,104,102,1,7,2
1995-089,1995-089-01,1995-089-01-01,1995-089-01-01-01,6/28/96,1,518 U.S. 712,116 S. Ct. 2353,135 L. Ed. 2d 874,1996 U.S. LEXIS 4263,1995,1607,Rehnquist,95-191,"O'HARE TRUCK SERVICE, INCORPORATED, et al. v. CITY OF NORTHLAKE et al.",3/20/96,,176,,3,17,1,,,0,66,,27,,0,2,2,1,1,4,0,1,0,0,2,0,2,,2,201,,106,102,1,7,2
1995-090,1995-090-01,1995-090-01-01,1995-090-01-01-01,6/28/96,7,518 U.S. 727,116 S. Ct. 2374,135 L. Ed. 2d 888,1996 U.S. LEXIS 4261,1995,1607,Rehnquist,95-124,"DENVER AREA EDUCATIONAL TELECOMMUNICATIONS CONSORTIUM, INC., et al. v. FEDERAL COMMUNICATIONS COMMISSION et al.",2/21/96,,124,,338,,1,38,,0,32,,32,,1,12,2,1,2,2,0,0,0,0,1,0,1,,6,600,47 U.S.C. § 532,110,102,1,7,2
1995-090,1995-090-02,1995-090-02-01,1995-090-02-01-01,6/28/96,7,518 U.S. 727,116 S. Ct. 2374,135 L. Ed. 2d 888,1996 U.S. LEXIS 4261,1995,1607,Rehnquist,95-227,"ALLIANCE FOR COMMUNITY MEDIA, et al. v. FEDERAL COMMUNICATIONS COMMISSION et al.",2/21/96,,124,,338,,1,38,,0,32,,32,,1,12,2,1,2,2,0,0,0,0,1,0,1,,2,200,,110,102,1,7,2
1995-090,1995-090-02,1995-090-02-02,1995-090-02-02-01,6/28/96,7,518 U.S. 727,116 S. Ct. 2374,135 L. Ed. 2d 888,1996 U.S. LEXIS 4261,1995,1607,Rehnquist,95-227,"ALLIANCE FOR COMMUNITY MEDIA, et al. v. FEDERAL COMMUNICATIONS COMMISSION et al.",2/21/96,,124,,338,,1,38,,0,32,,32,,1,12,2,1,2,2,0,0,0,0,1,0,1,,2,200,,110,102,1,7,2
1995-090,1995-090-02,1995-090-02-03,1995-090-02-03-01,6/28/96,7,518 U.S. 727,116 S. Ct. 2374,135 L. Ed. 2d 888,1996 U.S. LEXIS 4261,1995,1607,Rehnquist,95-227,"ALLIANCE FOR COMMUNITY MEDIA, et al. v. FEDERAL COMMUNICATIONS COMMISSION et al.",2/21/96,,124,,338,,1,38,,0,32,,32,,1,12,2,1,2,2,0,0,0,0,1,0,1,,6,600,47 U.S.C. § 532,110,102,1,7,2
1996-039,1996-039-01,1996-039-01-01,1996-039-01-01-01,3/31/97,1,520 U.S. 180,117 S. Ct. 1174,137 L. Ed. 2d 369,1997 U.S. LEXIS 2078,1996,1607,Rehnquist,95-992,"TURNER BROADCASTING SYSTEM, INC., et al. v. FEDERAL COMMUNICATIONS COMMISSION et al.",10/7/96,,124,,338,,2,,,1,55,,55,,1,1,,1,1,2,0,0,0,0,1,0,1,,6,600,47 U.S.C. § 534,106,102,1,5,4
1996-039,1996-039-01,1996-039-01-02,1996-039-01-02-01,3/31/97,1,520 U.S. 180,117 S. Ct. 1174,137 L. Ed. 2d 369,1997 U.S. LEXIS 2078,1996,1607,Rehnquist,95-992,"TURNER BROADCASTING SYSTEM, INC., et al. v. FEDERAL COMMUNICATIONS COMMISSION et al.",10/7/96,,124,,338,,2,,,1,55,,55,,1,1,,1,1,2,0,0,0,0,1,0,1,,2,200,,106,102,1,5,4
1997-065,1997-065-01,1997-065-01-01,1997-065-01-01-01,5/18/98,1,523 U.S. 666,118 S. Ct. 1633,140 L. Ed. 2d 875,1998 U.S. LEXIS 3102,1997,1607,Rehnquist,96-779,ARKANSAS EDUCATIONAL TELEVISION COMMISSION v. RALPH P. FORBES,10/8/97,,191,,211,,1,,,0,47,,28,,0,3,4,2,1,3,0,1,0,0,1,0,2,,2,200,,106,102,1,6,3
1997-097,1997-097-01,1997-097-01-01,1997-097-01-01-01,6/25/98,1,524 U.S. 569,118 S. Ct. 2168,141 L. Ed. 2d 500,1998 U.S. LEXIS 4211,1997,1607,Rehnquist,97-371,"NATIONAL ENDOWMENT FOR THE ARTS, et al. v. KAREN FINLEY, et al.",3/31/98,,379,,156,,1,79,,0,48,,29,,1,12,2,2,1,4,0,1,0,0,1,0,1,,2,200,,104,102,1,8,1
1997-097,1997-097-01,1997-097-01-02,1997-097-01-02-01,6/25/98,1,524 U.S. 569,118 S. Ct. 2168,141 L. Ed. 2d 500,1998 U.S. LEXIS 4211,1997,1607,Rehnquist,97-371,"NATIONAL ENDOWMENT FOR THE ARTS, et al. v. KAREN FINLEY, et al.",3/31/98,,379,,156,,1,79,,0,48,,29,,1,12,2,2,1,4,0,1,0,0,1,0,1,,6,600,20 U.S.C. § 954,104,102,1,8,1
1998-012,1998-012-01,1998-012-01-01,1998-012-01-01-01,1/12/99,1,525 U.S. 182,119 S. Ct. 636,142 L. Ed. 2d 599,1999 U.S. LEXIS 506,1998,1607,Rehnquist,97-930,"VICTORIA BUCKLEY, SECRETARY OF STATE OF COLORADO v. AMERICAN CONSTITUTIONAL LAW FOUNDATION, INC., et al.",10/14/98,,19,7,207,,1,,,0,52,,30,,0,12,6,2,3,2,0,0,0,0,2,0,2,,2,200,,109,103,1,6,3
1999-041,1999-041-01,1999-041-01-01,1999-041-01-01-01,3/22/00,1,529 U.S. 217,120 S. Ct. 1346,146 L. Ed. 2d 193,2000 U.S. LEXIS 2196,1999,1607,Rehnquist,98-1189,"BOARD OF REGENTS OF THE UNIVERSITY OF WISCONSIN SYSTEM v. SCOTT HAROLD SOUTHWORTH, et al.",11/9/99,,26,58,239,,1,,,0,133,,27,,1,3,7,2,1,4,0,1,0,0,1,0,2,,2,200,,106,102,1,9,0
1999-063,1999-063-01,1999-063-01-01,1999-063-01-01-01,5/22/00,1,529 U.S. 803,120 S. Ct. 1878,146 L. Ed. 2d 865,2000 U.S. LEXIS 3427,1999,1607,Rehnquist,98-1682,"UNITED STATES, et al. v. PLAYBOY ENTERTAINMENT GROUP, INC.",11/30/99,,27,,124,,2,,,1,54,,54,,0,1,9,2,2,2,0,0,0,0,2,0,1,,6,600,47 U.S.C. § 561,106,103,1,5,4
1999-063,1999-063-01,1999-063-01-02,1999-063-01-02-01,5/22/00,1,529 U.S. 803,120 S. Ct. 1878,146 L. Ed. 2d 865,2000 U.S. LEXIS 3427,1999,1607,Rehnquist,98-1682,"UNITED STATES, et al. v. PLAYBOY ENTERTAINMENT GROUP, INC.",11/30/99,,27,,124,,2,,,1,54,,54,,0,1,9,2,2,2,0,0,0,0,2,0,1,,2,200,,106,103,1,5,4
2000-028,2000-028-01,2000-028-01-01,2000-028-01-01-01,2/28/01,1,531 U.S. 533,121 S. Ct. 1043,149 L. Ed. 2d 63,2001 U.S. LEXIS 1954,2000,1607,Rehnquist,99-603,"LEGAL SERVICES CORPORATION v. CARMEN VELAZQUEZ, et al.",10/4/00,,373,,111,,1,73,,0,96,,22,,1,12,6,2,2,2,0,0,0,0,2,0,1,,2,200,,106,103,1,5,4
2000-028,2000-028-01,2000-028-01-02,2000-028-01-02-01,2/28/01,1,531 U.S. 533,121 S. Ct. 1043,149 L. Ed. 2d 63,2001 U.S. LEXIS 1954,2000,1607,Rehnquist,99-603,"LEGAL SERVICES CORPORATION v. CARMEN VELAZQUEZ, et al.",10/4/00,,373,,111,,1,73,,0,96,,22,,1,12,6,2,2,2,0,0,0,0,2,0,1,,6,600,110 Stat. 1321,106,103,1,5,4
2000-028,2000-028-02,2000-028-02-01,2000-028-02-01-01,2/28/01,1,531 U.S. 533,121 S. Ct. 1043,149 L. Ed. 2d 63,2001 U.S. LEXIS 1954,2000,1607,Rehnquist,99-960,"UNITED STATES v. CARMEN VELAZQUEZ, et al.",10/4/00,,27,,111,,1,73,,0,96,,22,,1,12,6,2,2,2,0,0,0,0,2,0,1,,2,200,,106,103,1,5,4
2000-028,2000-028-02,2000-028-02-02,2000-028-02-02-01,2/28/01,1,531 U.S. 533,121 S. Ct. 1043,149 L. Ed. 2d 63,2001 U.S. LEXIS 1954,2000,1607,Rehnquist,99-960,"UNITED STATES v. CARMEN VELAZQUEZ, et al.",10/4/00,,27,,111,,1,73,,0,96,,22,,1,12,6,2,2,2,0,0,0,0,2,0,1,,,,,106,103,1,5,4
2000-040,2000-040-01,2000-040-01-01,2000-040-01-01-01,4/18/01,1,532 U.S. 223,121 S. Ct. 1475,149 L. Ed. 2d 420,2001 U.S. LEXIS 3205,2000,1607,Rehnquist,99-1613,"ROBERT SHAW, et al.  v. KEVIN MURPHY",1/16/01,,28,31,215,,1,,,0,88,,29,,0,2,3,2,1,4,0,1,0,0,1,0,2,,2,200,,108,102,1,9,0
2001-017,2001-017-01,2001-017-01-01,2001-017-01-01-01,1/15/02,1,534 U.S. 316,122 S. Ct. 775,151 L. Ed. 2d 783,2002 U.S. LEXIS 488,2001,1607,Rehnquist,00-1249,CAREN CRONK THOMAS AND WINDY CITY HEMP DEVELOPMENT BOARD v. CHICAGO PARK DISTRICT,12/3/01,,207,,3,17,1,,,0,66,,27,,0,12,2,1,1,2,0,0,0,0,1,0,2,,2,200,,105,102,1,9,0
2001-082,2001-082-01,2001-082-01-01,2001-082-01-01-01,6/27/02,1,536 U.S. 765,122 S. Ct. 2528,153 L. Ed. 2d 694,2002 U.S. LEXIS 4883,2001,1607,Rehnquist,01-521,"REPUBLICAN PARTY OF MINNESOTA, et al. v. SUZANNE WHITE, CHAIRPERSON, MINNESOTA BOARD OF JUDICIAL STANDARDS, et al.",3/26/02,,211,,4,28,1,117,28,0,83,,28,,1,12,2,1,1,4,0,1,0,0,2,0,2,,2,200,,105,102,1,5,4
2002-049,2002-049-01,2002-049-01-01,2002-049-01-01-01,5/5/03,1,538 U.S. 600,123 S. Ct. 1829,155 L. Ed. 2d 793,2003 U.S. LEXIS 3430,2002,1607,Rehnquist,01-1806,"ILLINOIS ex rel. LISA MADIGAN, ATTORNEY GENERAL OF ILLINOIS v. TELEMARKETING ASSOCIATES, INC., et al.",3/3/03,,19,17,149,,1,,,0,302,17,300,17,0,2,2,2,1,4,0,1,0,0,1,0,2,,2,200,,109,102,1,9,0
2002-072,2002-072-01,2002-072-01-01,2002-072-01-01-01,6/16/03,1,539 U.S. 113,123 S. Ct. 2191,156 L. Ed. 2d 148,2003 U.S. LEXIS 4782,2002,1607,Rehnquist,02-371,VIRGINIA v. KEVIN LAMONT HICKS,4/30/03,,28,55,100,,1,,,0,302,55,300,55,1,12,2,2,1,4,0,1,0,0,1,0,2,,2,200,,105,102,1,9,0
2002-073,2002-073-01,2002-073-01-01,2002-073-01-01-01,6/16/03,1,539 U.S. 126,123 S. Ct. 2162,156 L. Ed. 2d 162,2003 U.S. LEXIS 4781,2002,1607,Rehnquist,Feb-94,"WILLIAM OVERTON, DIRECTOR, MICHIGAN DEPARTMENT OF CORRECTIONS, et al. v. MICHELLE BAZZETTA et al.",3/26/03,,28,27,215,,1,,,0,81,,26,,0,12,2,2,1,3,0,1,0,0,1,0,2,,2,201,,106,102,1,9,0
2004-005,2004-005-01,2004-005-01-01,2004-005-01-01-01,12/6/04,2,543 U.S. 77,125 S. Ct. 521,160 L. Ed. 2d 410,2004 U.S. LEXIS 8165,2004,1607,Rehnquist,03-1669,"CITY OF SAN DIEGO, CALIFORNIA et al. v. JOHN ROE",,,3,6,8,6,1,,,0,51,,29,,0,12,4,2,1,3,0,1,0,0,1,0,2,,2,200,,,,1,9,0
2004-048,2004-048-01,2004-048-01-01,2004-048-01-01-01,5/23/05,1,544 U.S. 581,125 S. Ct. 2029,161 L. Ed. 2d 920,2005 U.S. LEXIS 4181,2004,1607,Rehnquist,Apr-37,"MICHAEL CLINGMAN, SECRETARY, OKLAHOMA STATE ELECTION BOARD, et al. v. ANDREA L. BEAVER et al.",1/19/05,,4,42,251,,1,117,42,0,107,,30,,0,11,3,2,1,4,0,1,0,0,1,0,2,,2,200,,108,102,1,6,3
2005-039,2005-039-01,2005-039-01-01,2005-039-01-01-01,3/6/06,1,547 U.S. 47,126 S. Ct. 1297,164 L. Ed. 2d 156,2006 U.S. LEXIS 2025,2005,1702,Roberts,04-1152,"DONALD H. RUMSFELD, SECRETARY OF DEFENSE, et al. v. FORUM FOR ACADEMIC AND INSTITUTIONAL RIGHTS, INC., et al.",12/6/05,,324,,207,,1,,,0,92,,23,,1,12,4,2,1,4,0,1,0,0,1,0,1,,6,600,10 U.S.C. § 983,111,111,1,8,0
2005-039,2005-039-01,2005-039-01-02,2005-039-01-02-01,3/6/06,1,547 U.S. 47,126 S. Ct. 1297,164 L. Ed. 2d 156,2006 U.S. LEXIS 2025,2005,1702,Roberts,04-1152,"DONALD H. RUMSFELD, SECRETARY OF DEFENSE, et al. v. FORUM FOR ACADEMIC AND INSTITUTIONAL RIGHTS, INC., et al.",12/6/05,,324,,207,,1,,,0,92,,23,,1,12,4,2,1,4,0,1,0,0,1,0,1,,2,200,,111,111,1,8,0
2005-039,2005-039-01,2005-039-01-03,2005-039-01-03-01,3/6/06,1,547 U.S. 47,126 S. Ct. 1297,164 L. Ed. 2d 156,2006 U.S. LEXIS 2025,2005,1702,Roberts,04-1152,"DONALD H. RUMSFELD, SECRETARY OF DEFENSE, et al. v. FORUM FOR ACADEMIC AND INSTITUTIONAL RIGHTS, INC., et al.",12/6/05,,324,,207,,1,,,0,92,,23,,1,12,4,2,1,4,0,1,0,0,1,0,1,,2,201,,111,111,1,8,0
2005-049,2005-049-01,2005-049-01-01,2005-049-01-01-01,4/26/06,1,547 U.S. 250,126 S. Ct. 1695,164 L. Ed. 2d 441,2006 U.S. LEXIS 3450,2005,1702,Roberts,04-1495,"MICHAEL HARTMAN, FRANK KORMANN, PIERCE MCINTOSH, NORMAN ROBBINS, AND ROBERT EDWARDS v. WILLIAM G. MOORE, JR.",1/10/06,,19,60,185,,1,,,0,55,,32,,0,2,2,2,1,4,0,1,0,0,1,0,2,7,2,200,,107,103,1,5,2
2005-058,2005-058-01,2005-058-01-01,2005-058-01-01-01,5/30/06,1,547 U.S. 410,126 S. Ct. 1951,164 L. Ed. 2d 689,2006 U.S. LEXIS 4341,2005,1702,Roberts,04-473,"GIL GARCETTI, et al. v. RICHARD CEBALLOS",10/12/05,3/21/06,5,6,8,6,1,,,0,48,,29,,1,12,4,2,1,4,0,1,0,0,1,0,2,,2,200,,106,111,1,5,4
2005-085,2005-085-01,2005-085-01-01,2005-085-01-01-01,6/28/06,7,548 U.S. 521,126 S. Ct. 2572,165 L. Ed. 2d 697,2006 U.S. LEXIS 5176,2005,1702,Roberts,04-1739,"JEFFREY A. BEARD, SECRETARY, PENNSYLVANIA DEPARTMENT OF CORRECTIONS v. RONALD BANKS, INDIVIDUALLY AND ON BEHALF OF ALL OTHERS SIMILARLY SITUATED",3/27/06,,19,45,215,,1,,,0,111,,23,,1,12,4,2,1,4,0,1,0,0,1,0,2,,2,200,,110,111,1,6,2
2006-065,2006-065-01,2006-065-01-01,2006-065-01-01-01,6/21/07,1,551 U.S. 291,127 S. Ct. 2489,168 L. Ed. 2d 166,2007 U.S. LEXIS 8271,2006,1702,Roberts,06-427,TENNESSEE SECONDARY SCHOOL ATHLETIC ASSOCIATION v. BRENTWOOD ACADEMY,4/18/07,,216,,232,,1,,,0,117,,26,,1,12,2,2,1,4,0,1,0,0,1,0,2,,2,200,,103,111,1,9,0
2006-069,2006-069-01,2006-069-01-02,2006-069-01-02-01,6/25/07,1,551 U.S. 449,127 S. Ct. 2652,168 L. Ed. 2d 329,2007 U.S. LEXIS 8515,2006,1702,Roberts,06-969,"FEDERAL ELECTION COMMISSION v. WISCONSIN RIGHT TO LIFE, INC.",4/25/07,,343,,207,,2,,,1,55,,55,,1,1,,3,2,2,0,0,0,0,2,0,1,,3,330,,111,111,1,5,4
2006-069,2006-069-02,2006-069-02-02,2006-069-02-02-01,6/25/07,1,551 U.S. 449,127 S. Ct. 2652,168 L. Ed. 2d 329,2007 U.S. LEXIS 8515,2006,1702,Roberts,06-970,"MCCAIN, UNITED STATES SENATOR, et al. v. WISCONSIN RIGHT TO LIFE, INC.",4/25/07,,23,,207,,2,,,1,55,,55,,1,1,,3,2,2,0,0,0,0,2,0,1,,3,330,,111,111,1,5,4
2007-013,2007-013-01,2007-013-01-01,2007-013-01-01-01,1/16/08,1,552 U.S. 196,128 S. Ct. 791,169 L. Ed. 2d 665,2008 U.S. LEXIS 1093,2007,1702,Roberts,06-766,"NEW YORK STATE BOARD OF ELECTIONS, et al. v. MARGARITA LOPEZ TORRES ET AL",10/3/07,,4,37,16,37,1,117,37,0,94,,22,,0,12,2,2,1,3,0,1,0,0,1,0,2,,2,201,,105,111,1,9,0
2008-022,2008-022-01,2008-022-01-01,2008-022-01-01-01,2/24/09,1,555 U.S. 353,129 S. Ct. 1093,172 L. Ed. 2d 770,2009 U.S. LEXIS 1632,2008,1702,Roberts,07-869,"BEN YSURSA, IDAHO SECRETARY OF STATE, et al. v. POCATELLO EDUCATION ASSOCIATION et al.",11/3/08,,19,16,249,,1,,,0,64,,29,,0,12,3,2,1,3,0,1,0,0,1,0,2,,2,200,,111,111,1,6,3
2008-026,2008-026-01,2008-026-01-01,2008-026-01-01-01,2/25/09,1,555 U.S. 460,129 S. Ct. 1125,172 L. Ed. 2d 853,2009 U.S. LEXIS 1636,2008,1702,Roberts,07-665,"PLEASANT GROVE CITY, UTAH et al. v. SUMMUM",11/12/08,,3,52,130,,1,,,0,123,,30,,1,12,3,2,1,3,0,1,0,0,1,0,2,,2,200,,112,111,1,9,0
2009-031,2009-031-01,2009-031-01-02,2009-031-01-02-01,3/8/10,1,559 U.S. 229,130 S. Ct. 1324,176 L. Ed. 2d 79,2010 U.S. LEXIS 2206,2009,1703,Roberts,08-1119,"MILAVETZ, GALLOP & MILAVETZ, P. A., et al. v. UNITED STATES",12/1/09,,111,,27,,1,,,0,83,,28,,1,3,6,2,1,7,0,1,0,0,1,0,1,7,2,200,,113,111,1,9,0
2009-031,2009-031-02,2009-031-02-02,2009-031-02-02-01,3/8/10,1,559 U.S. 229,130 S. Ct. 1324,176 L. Ed. 2d 79,2010 U.S. LEXIS 2206,2009,1703,Roberts,08-1225,"UNITED STATES v. MILAVETZ, GALLOP & MILAVETZ, P. A., et al.",12/1/09,,111,,27,,1,,,0,83,,28,,1,3,6,2,1,7,0,1,0,0,1,0,1,7,2,200,,113,111,1,9,0
2009-047,2009-047-01,2009-047-01-01,2009-047-01-01-01,4/20/10,1,559 U.S. 460,130 S. Ct. 1577,176 L. Ed. 2d 435,2010 U.S. LEXIS 3478,2009,1703,Roberts,08-769,UNITED STATES v. ROBERT J. STEVENS,10/6/09,,27,,126,,1,,,0,111,,23,,1,12,8,2,2,2,0,0,0,0,2,0,1,,6,600,18-48,111,111,1,8,1
2009-047,2009-047-01,2009-047-01-02,2009-047-01-02-01,4/20/10,1,559 U.S. 460,130 S. Ct. 1577,176 L. Ed. 2d 435,2010 U.S. LEXIS 3478,2009,1703,Roberts,08-769,UNITED STATES v. ROBERT J. STEVENS,10/6/09,,27,,126,,1,,,0,111,,23,,1,12,8,2,2,2,0,0,0,0,2,0,1,,2,200,,111,111,1,8,1
2010-064,2010-064-01,2010-064-01-01,2010-064-01-01-01,6/13/11,1,564 U.S. 117,131 S. Ct. 2343,180 L. Ed. 2d 150,2011 U.S. LEXIS 4379,2010,1704,Roberts,10-568,"NEVADA COMMISSION ON ETHICS, PETITIONER v. MICHAEL A. CARRIGAN",4/27/11,,4,33,8,33,1,,,0,302,33,300,33,1,12,3,2,1,4,0,1,0,0,1,0,2,,2,200,,105,111,1,9,0
2010-071,2010-071-01,2010-071-01-01,2010-071-01-01-01,6/20/11,1,564 U.S. 379,131 S. Ct. 2488,180 L. Ed. 2d 408,2011 U.S. LEXIS 4564,2010,1704,Roberts,09-1476,"BOROUGH OF DURYEA, PENNSYLVANIA, et al., PETITIONERS v. CHARLES J GUARNIERI",3/22/11,,3,45,8,45,1,,,0,110,,23,,0,2,2,2,1,5,0,1,0,0,1,0,2,,2,204,,106,111,1,9,0
2010-083,2010-083-01,2010-083-01-01,2010-083-01-01-01,6/27/11,1,564 U.S. 786,131 S. Ct. 2729,180 L. Ed. 2d 708,2011 U.S. LEXIS 4802,2010,1704,Roberts,08-1448,"EDMUND G. BROWN, JR., GOVERNOR OF CALIFORNIA, et al., PETITIONERS v. ENTERTAINMENT MERCHANTS ASSOCIATION, et al.",11/2/10,,19,6,109,,1,,,0,50,,29,,0,12,2,2,3,2,0,0,0,0,2,0,2,,2,200,,105,111,1,7,2
2010-083,2010-083-01,2010-083-01-02,2010-083-01-02-01,6/27/11,1,564 U.S. 786,131 S. Ct. 2729,180 L. Ed. 2d 708,2011 U.S. LEXIS 4802,2010,1704,Roberts,08-1448,"EDMUND G. BROWN, JR., GOVERNOR OF CALIFORNIA, et al., PETITIONERS v. ENTERTAINMENT MERCHANTS ASSOCIATION, et al.",11/2/10,,19,6,109,,1,,,0,50,,29,,0,12,2,2,3,2,0,0,0,0,2,0,2,4,8,800,,,,1,7,2
2011-076,2011-076-01,2011-076-01-01,2011-076-01-01-01,6/28/12,7,567 U.S. 709,132 S. Ct. 2537,183 L. Ed. 2d 574,2012 U.S. LEXIS 4879,2011,1704,Roberts,11-210,"UNITED STATES, PETITIONER v. XAVIER ALVAREZ",2/22/12,,27,,250,,1,,,0,48,,29,,1,12,3,2,2,2,0,0,0,0,2,0,1,4,6,600,18-704,106,111,1,6,3
2012-065,2012-065-01,2012-065-01-01,2012-065-01-01-01,6/20/13,1,570 U.S. 205,133 S. Ct. 2321,186 L. Ed. 2d 398,2013 U.S. LEXIS 4699,2012,1704,Roberts,10-Dec,"AGENCY FOR INTERNATIONAL DEVELOPMENT, et al., PETITIONERS v. ALLIANCE FOR OPEN SOCIETY INTERNATIONAL, INC., et al.",4/22/13,,12,,165,,1,63,,0,96,,22,,1,12,2,2,2,2,0,0,0,0,2,0,1,3,2,200,,111,111,1,6,2
2013-073,2013-073-01,2013-073-01-01,2013-073-01-01-01,6/19/14,1,573 U.S. 228,134 S. Ct. 2369,189 L. Ed. 2d 312,2014 U.S. LEXIS 4302,2013,1704,Roberts,13-483,LANE v. FRANKS,4/28/14,,8,1,26,1,1,,,1,42,,31,,0,2,2,1,1,7,0,0,0,0,1,0,2,7,2,200,,113,111,1,9,0
2014-037,2014-037-01,2014-037-01-01,2014-037-01-01-01,6/18/15,1,576 U.S. 155,135 S. Ct. 2218,192 L. Ed. 2d 236,2015 U.S. LEXIS 4061,2014,1704,Roberts,13-502,REED v. TOWN OF GILBERT,1/12/15,,130,,3,4,1,,,0,45,,29,,0,12,2,1,4,4,0,1,0,0,2,,2,,2,200,,108,111,1,9,0
2014-058,2014-058-01,2014-058-01-01,2014-058-01-01-01,6/18/15,1,576 U.S. 200,135 S. Ct. 2239,192 L. Ed. 2d 274,2015 U.S. LEXIS 4063,2014,1704,Roberts,14-144,"WALKER v. TEXAS DIVISION, SONS OF CONFEDERATE VETERANS, INC.",3/23/15,,7,51,192,,1,117,51,0,122,,25,,1,12,3,2,1,3,0,1,0,0,1,0,2,,2,200,,110,108,1,5,4
2015-035,2015-035-01,2015-035-01-01,2015-035-01-01-01,4/26/16,1,,136 S. Ct. 1412,194 L. Ed. 2d 508,2016 U.S. LEXIS 2924,2015,1705,Roberts,14-1280,"HEFFERNAN v. CITY OF PATERSON, NEW JERSEY",1/19/16,,8,35,3,35,1,,,0,92,,23,,0,2,2,1,1,4,0,1,0,0,2,0,2,,2,200,,110,111,1,6,2
2016-040,2016-040-01,2016-040-01-01,2016-040-01-01-01,6/19/17,1,,137 S. Ct. 1744,198 L. Ed. 2d 366,2017 U.S. LEXIS 3872,2016,1706,Roberts,15-1293,MATAL v. TAM,1/18/17,,394,,172,,1,94,,0,8,,8,,1,11,5,2,2,2,0,0,0,0,2,,1,,2,200,,112,111,1,8,0
2016-040,2016-040-01,2016-040-01-02,2016-040-01-02-01,6/19/17,1,,137 S. Ct. 1744,198 L. Ed. 2d 366,2017 U.S. LEXIS 3872,2016,1706,Roberts,15-1293,MATAL v. TAM,1/18/17,,394,,172,,1,94,,0,8,,8,,1,11,5,2,2,2,0,0,0,0,2,,1,,6,600,"Lanham Act, 15 USC 1052(a)",,111,1,8,0
2016-046,2016-046-01,2016-046-01-01,2016-046-01-01-01,6/19/17,1,,137 S. Ct. 1730,198 L. Ed. 2d 273,2017 U.S. LEXIS 3871,2016,1706,Roberts,15-1194,PACKINGHAM v. NORTH CAROLINA,2/27/17,,126,,28,38,1,,,0,301,38,300,38,1,12,3,1,3,4,0,1,0,0,2,,2,,2,200,,106,111,1,8,0
2017-041,2017-041-01,2017-041-01-02,2017-041-01-02-01,6/26/18,1,,138 S. Ct. 2361,201 L. Ed. 2d 835,2018 U.S. LEXIS 4025,2017,1706,Roberts,16-1140,NATIONAL INSTITUTE OF FAMILY AND LIFE ADVOCATES v. BECERRA,3/20/18,,165,,7,6,1,,,0,51,,29,,0,13,9,2,3,4,0,1,0,0,2,0,2,,2,200,,108,111,1,5,4
2017-043,2017-043-01,2017-043-01-01,2017-043-01-01-01,6/14/18,1,,138 S. Ct. 1876,201 L. Ed. 2d 201,2018 U.S. LEXIS 3685,2017,1706,Roberts,16-1435,MINNESOTA VOTERS ALLIANCE v. MANSKY,2/28/18,,251,,5,28,1,,,0,83,,28,,0,12,2,1,3,4,0,1,0,0,2,0,2,,2,200,,111,111,1,7,2
2017-045,2017-045-01,2017-045-01-02,2017-045-01-02-01,6/27/18,1,,138 S. Ct. 2448,201 L. Ed. 2d 924,2018 U.S. LEXIS 4028,2017,1706,Roberts,16-1466,"JANUS v. AMERICAN FEDERATION OF STATE, COUNTY, AND MUNICIPAL EMPLOYEES, COUNCIL 31",2/26/18,,8,17,249,,1,,,0,66,,27,,0,10,2,2,3,4,0,1,1,0,2,0,2,,2,200,,,111,1,5,4
2017-049,2017-049-01,2017-049-01-01,2017-049-01-01-01,6/18/18,1,,138 S. Ct. 1945,201 L. Ed. 2d 342,2018 U.S. LEXIS 3691,2017,1706,Roberts,17-21,"LOZMAN v. CITY OF RIVIERA BEACH, FLORIDA",2/27/18,,218,,3,12,1,,,0,58,,31,,0,11,2,1,1,5,0,1,0,0,2,0,2,,2,200,,106,111,1,8,1
2018-033,2018-033-01,2018-033-01-01,2018-033-01-01-01,5/28/19,1,,139 S. Ct. 1715,204 L. Ed. 2d 1,2019 U.S. LEXIS 3557,2018,1707,Roberts,17-1174,NIEVES v. BARTLETT,11/26/18,,19,2,110,,1,,,0,44,,29,,0,12,3,2,1,4,0,1,0,0,1,0,2,,2,200,,111,111,1,8,1
2018-047,2018-047-01,2018-047-01-01,2018-047-01-01-01,6/17/19,1,,139 S. Ct. 1921,204 L. Ed. 2d 405,2019 U.S. LEXIS 4178,2018,1707,Roberts,17-1702,MANHATTAN COMMUNITY ACCESS CORP. v. HALLECK,2/25/19,,124,,190,,1,,,0,96,,22,,1,2,3,2,1,4,0,1,0,0,1,0,2,,2,200,,116,111,1,5,4
2018-064,2018-064-01,2018-064-01-01,2018-064-01-01-01,6/24/19,1,,139 S. Ct. 2294,204 L. Ed. 2d 714,2019 U.S. LEXIS 4201,2018,1707,Roberts,18-302,IANCU v. BRUNETTI,4/15/19,,316,,172,,1,94,,,8,,8,,0,10,3,2,2,2,0,0,0,0,2,0,1,,2,200,,114,108,1,6,3
2019-052,2019-052-01,2019-052-01-01,2019-052-01-01-01,6/29/20,1,,140 S. Ct. 2082,207 L. Ed. 2d 654,2020 U.S. LEXIS 3514,2019,1707,Roberts,19-177,U.S. AGENCY FOR INT'L DEVELOPMENT v. ALLIANCE FOR OPEN SOCIETY INT'L,5/5/20,,363,,165,,1,,,0,96,,22,,1,12,2,2,1,3,0,1,0,0,1,0,1,,2,200,,116,111,1,5,3
2019-063,2019-063-01,2019-063-01-01,2019-063-01-01-01,7/6/20,7,,140 S. Ct. 2335,207 L. Ed. 2d 784,2020 U.S. LEXIS 3544,2019,1707,Roberts,19-631,BARR v. AMERICAN ASSOCIATION OF POLITICAL CONSULTANTS INC.,5/6/20,,1,,216,,1,,,0,98,,24,,0,12,5,2,2,2,0,0,0,0,2,0,1,,2,200,,116,111,1,6,3